,pos,contig_id,proteins
0,0,annotate_busby_phage_0,13
1,1,annotate_busby_phage_1,16
2,2,annotate_busby_phage_10,8
3,3,annotate_busby_phage_100,2
4,4,annotate_busby_phage_101,2
5,5,annotate_busby_phage_102,2
6,6,annotate_busby_phage_103,2
7,7,annotate_busby_phage_104,5
8,8,annotate_busby_phage_105,8
9,9,annotate_busby_phage_106,11
10,10,annotate_busby_phage_107,53
11,11,annotate_busby_phage_108,1
12,12,annotate_busby_phage_109,16
13,13,annotate_busby_phage_11,12
14,14,annotate_busby_phage_110,4
15,15,annotate_busby_phage_111,7
16,16,annotate_busby_phage_112,8
17,17,annotate_busby_phage_113,7
18,18,annotate_busby_phage_114,8
19,19,annotate_busby_phage_115,15
20,20,annotate_busby_phage_116,6
21,21,annotate_busby_phage_117,3
22,22,annotate_busby_phage_118,6
23,23,annotate_busby_phage_119,12
24,24,annotate_busby_phage_12,9
25,25,annotate_busby_phage_120,2
26,26,annotate_busby_phage_121,4
27,27,annotate_busby_phage_122,24
28,28,annotate_busby_phage_124,5
29,29,annotate_busby_phage_125,34
30,30,annotate_busby_phage_127,3
31,31,annotate_busby_phage_128,7
32,32,annotate_busby_phage_129,4
33,33,annotate_busby_phage_13,20
34,34,annotate_busby_phage_130,1
35,35,annotate_busby_phage_131,7
36,36,annotate_busby_phage_132,11
37,37,annotate_busby_phage_133,8
38,38,annotate_busby_phage_134,6
39,39,annotate_busby_phage_135,5
40,40,annotate_busby_phage_136,2
41,41,annotate_busby_phage_137,3
42,42,annotate_busby_phage_138,13
43,43,annotate_busby_phage_139,33
44,44,annotate_busby_phage_14,3
45,45,annotate_busby_phage_140,2
46,46,annotate_busby_phage_141,2
47,47,annotate_busby_phage_142,4
48,48,annotate_busby_phage_143,10
49,49,annotate_busby_phage_144,7
50,50,annotate_busby_phage_145,49
51,51,annotate_busby_phage_146,40
52,52,annotate_busby_phage_147,4
53,53,annotate_busby_phage_148,12
54,54,annotate_busby_phage_149,12
55,55,annotate_busby_phage_15,9
56,56,annotate_busby_phage_150,3
57,57,annotate_busby_phage_151,58
58,58,annotate_busby_phage_152,6
59,59,annotate_busby_phage_153,5
60,60,annotate_busby_phage_154,43
61,61,annotate_busby_phage_155,48
62,62,annotate_busby_phage_156,20
63,63,annotate_busby_phage_157,21
64,64,annotate_busby_phage_158,10
65,65,annotate_busby_phage_159,12
66,66,annotate_busby_phage_16,10
67,67,annotate_busby_phage_160,54
68,68,annotate_busby_phage_161,68
69,69,annotate_busby_phage_162,29
70,70,annotate_busby_phage_163,63
71,71,annotate_busby_phage_164,4
72,72,annotate_busby_phage_165,136
73,73,annotate_busby_phage_166,3
74,74,annotate_busby_phage_167,4
75,75,annotate_busby_phage_168,4
76,76,annotate_busby_phage_169,76
77,77,annotate_busby_phage_17,5
78,78,annotate_busby_phage_170,120
79,79,annotate_busby_phage_171,53
80,80,annotate_busby_phage_172,11
81,81,annotate_busby_phage_173,3
82,82,annotate_busby_phage_174,5
83,83,annotate_busby_phage_175,15
84,84,annotate_busby_phage_176,25
85,85,annotate_busby_phage_177,34
86,86,annotate_busby_phage_178,4
87,87,annotate_busby_phage_179,58
88,88,annotate_busby_phage_18,13
89,89,annotate_busby_phage_180,3
90,90,annotate_busby_phage_181,38
91,91,annotate_busby_phage_182,25
92,92,annotate_busby_phage_183,11
93,93,annotate_busby_phage_184,16
94,94,annotate_busby_phage_185,89
95,95,annotate_busby_phage_186,41
96,96,annotate_busby_phage_187,24
97,97,annotate_busby_phage_188,6
98,98,annotate_busby_phage_189,11
99,99,annotate_busby_phage_19,9
100,100,annotate_busby_phage_190,24
101,101,annotate_busby_phage_191,33
102,102,annotate_busby_phage_192,4
103,103,annotate_busby_phage_193,104
104,104,annotate_busby_phage_194,3
105,105,annotate_busby_phage_195,2
106,106,annotate_busby_phage_196,5
107,107,annotate_busby_phage_197,32
108,108,annotate_busby_phage_198,6
109,109,annotate_busby_phage_199,11
110,110,annotate_busby_phage_2,3
111,111,annotate_busby_phage_20,8
112,112,annotate_busby_phage_200,94
113,113,annotate_busby_phage_201,50
114,114,annotate_busby_phage_202,5
115,115,annotate_busby_phage_203,38
116,116,annotate_busby_phage_204,15
117,117,annotate_busby_phage_205,6
118,118,annotate_busby_phage_206,11
119,119,annotate_busby_phage_207,41
120,120,annotate_busby_phage_208,25
121,121,annotate_busby_phage_209,17
122,122,annotate_busby_phage_21,44
123,123,annotate_busby_phage_210,13
124,124,annotate_busby_phage_211,8
125,125,annotate_busby_phage_212,27
126,126,annotate_busby_phage_213,23
127,127,annotate_busby_phage_214,15
128,128,annotate_busby_phage_215,6
129,129,annotate_busby_phage_216,24
130,130,annotate_busby_phage_217,6
131,131,annotate_busby_phage_218,27
132,132,annotate_busby_phage_219,28
133,133,annotate_busby_phage_22,34
134,134,annotate_busby_phage_220,8
135,135,annotate_busby_phage_221,39
136,136,annotate_busby_phage_222,3
137,137,annotate_busby_phage_223,3
138,138,annotate_busby_phage_224,6
139,139,annotate_busby_phage_225,23
140,140,annotate_busby_phage_226,27
141,141,annotate_busby_phage_227,3
142,142,annotate_busby_phage_228,5
143,143,annotate_busby_phage_229,7
144,144,annotate_busby_phage_23,6
145,145,annotate_busby_phage_230,54
146,146,annotate_busby_phage_231,32
147,147,annotate_busby_phage_232,20
148,148,annotate_busby_phage_233,67
149,149,annotate_busby_phage_234,11
150,150,annotate_busby_phage_235,5
151,151,annotate_busby_phage_236,32
152,152,annotate_busby_phage_237,27
153,153,annotate_busby_phage_238,21
154,154,annotate_busby_phage_239,20
155,155,annotate_busby_phage_24,8
156,156,annotate_busby_phage_240,9
157,157,annotate_busby_phage_241,13
158,158,annotate_busby_phage_242,21
159,159,annotate_busby_phage_243,32
160,160,annotate_busby_phage_244,14
161,161,annotate_busby_phage_245,12
162,162,annotate_busby_phage_246,9
163,163,annotate_busby_phage_247,7
164,164,annotate_busby_phage_248,3
165,165,annotate_busby_phage_249,42
166,166,annotate_busby_phage_25,4
167,167,annotate_busby_phage_250,9
168,168,annotate_busby_phage_251,20
169,169,annotate_busby_phage_252,53
170,170,annotate_busby_phage_253,8
171,171,annotate_busby_phage_254,18
172,172,annotate_busby_phage_255,10
173,173,annotate_busby_phage_256,26
174,174,annotate_busby_phage_257,44
175,175,annotate_busby_phage_258,22
176,176,annotate_busby_phage_259,5
177,177,annotate_busby_phage_26,5
178,178,annotate_busby_phage_260,21
179,179,annotate_busby_phage_261,21
180,180,annotate_busby_phage_262,29
181,181,annotate_busby_phage_263,6
182,182,annotate_busby_phage_264,9
183,183,annotate_busby_phage_265,43
184,184,annotate_busby_phage_266,36
185,185,annotate_busby_phage_267,12
186,186,annotate_busby_phage_268,40
187,187,annotate_busby_phage_269,75
188,188,annotate_busby_phage_27,9
189,189,annotate_busby_phage_270,4
190,190,annotate_busby_phage_271,7
191,191,annotate_busby_phage_272,4
192,192,annotate_busby_phage_273,16
193,193,annotate_busby_phage_274,61
194,194,annotate_busby_phage_275,13
195,195,annotate_busby_phage_276,26
196,196,annotate_busby_phage_277,34
197,197,annotate_busby_phage_278,20
198,198,annotate_busby_phage_279,5
199,199,annotate_busby_phage_28,11
200,200,annotate_busby_phage_280,5
201,201,annotate_busby_phage_281,20
202,202,annotate_busby_phage_282,7
203,203,annotate_busby_phage_283,2
204,204,annotate_busby_phage_284,28
205,205,annotate_busby_phage_285,49
206,206,annotate_busby_phage_286,45
207,207,annotate_busby_phage_287,6
208,208,annotate_busby_phage_288,32
209,209,annotate_busby_phage_289,82
210,210,annotate_busby_phage_29,10
211,211,annotate_busby_phage_290,16
212,212,annotate_busby_phage_291,26
213,213,annotate_busby_phage_292,5
214,214,annotate_busby_phage_293,36
215,215,annotate_busby_phage_294,4
216,216,annotate_busby_phage_295,2
217,217,annotate_busby_phage_296,14
218,218,annotate_busby_phage_297,14
219,219,annotate_busby_phage_298,10
220,220,annotate_busby_phage_299,6
221,221,annotate_busby_phage_3,6
222,222,annotate_busby_phage_30,8
223,223,annotate_busby_phage_300,8
224,224,annotate_busby_phage_301,22
225,225,annotate_busby_phage_302,17
226,226,annotate_busby_phage_303,89
227,227,annotate_busby_phage_304,20
228,228,annotate_busby_phage_305,41
229,229,annotate_busby_phage_306,57
230,230,annotate_busby_phage_307,8
231,231,annotate_busby_phage_308,6
232,232,annotate_busby_phage_309,14
233,233,annotate_busby_phage_31,14
234,234,annotate_busby_phage_310,7
235,235,annotate_busby_phage_311,3
236,236,annotate_busby_phage_312,3
237,237,annotate_busby_phage_313,61
238,238,annotate_busby_phage_314,4
239,239,annotate_busby_phage_315,87
240,240,annotate_busby_phage_316,14
241,241,annotate_busby_phage_317,24
242,242,annotate_busby_phage_318,25
243,243,annotate_busby_phage_319,38
244,244,annotate_busby_phage_32,6
245,245,annotate_busby_phage_320,18
246,246,annotate_busby_phage_321,4
247,247,annotate_busby_phage_322,7
248,248,annotate_busby_phage_323,47
249,249,annotate_busby_phage_324,20
250,250,annotate_busby_phage_325,10
251,251,annotate_busby_phage_326,31
252,252,annotate_busby_phage_327,7
253,253,annotate_busby_phage_328,11
254,254,annotate_busby_phage_329,12
255,255,annotate_busby_phage_33,4
256,256,annotate_busby_phage_330,3
257,257,annotate_busby_phage_331,24
258,258,annotate_busby_phage_332,48
259,259,annotate_busby_phage_333,15
260,260,annotate_busby_phage_334,11
261,261,annotate_busby_phage_335,3
262,262,annotate_busby_phage_336,7
263,263,annotate_busby_phage_337,3
264,264,annotate_busby_phage_338,9
265,265,annotate_busby_phage_339,29
266,266,annotate_busby_phage_34,34
267,267,annotate_busby_phage_340,7
268,268,annotate_busby_phage_341,7
269,269,annotate_busby_phage_342,11
270,270,annotate_busby_phage_343,19
271,271,annotate_busby_phage_344,8
272,272,annotate_busby_phage_345,77
273,273,annotate_busby_phage_346,21
274,274,annotate_busby_phage_347,18
275,275,annotate_busby_phage_348,34
276,276,annotate_busby_phage_349,33
277,277,annotate_busby_phage_35,12
278,278,annotate_busby_phage_350,43
279,279,annotate_busby_phage_351,23
280,280,annotate_busby_phage_352,14
281,281,annotate_busby_phage_353,5
282,282,annotate_busby_phage_354,19
283,283,annotate_busby_phage_355,12
284,284,annotate_busby_phage_356,33
285,285,annotate_busby_phage_357,33
286,286,annotate_busby_phage_358,6
287,287,annotate_busby_phage_359,8
288,288,annotate_busby_phage_36,5
289,289,annotate_busby_phage_360,8
290,290,annotate_busby_phage_361,36
291,291,annotate_busby_phage_362,27
292,292,annotate_busby_phage_363,3
293,293,annotate_busby_phage_364,9
294,294,annotate_busby_phage_365,16
295,295,annotate_busby_phage_366,5
296,296,annotate_busby_phage_367,37
297,297,annotate_busby_phage_368,10
298,298,annotate_busby_phage_369,31
299,299,annotate_busby_phage_37,7
300,300,annotate_busby_phage_370,6
301,301,annotate_busby_phage_371,11
302,302,annotate_busby_phage_372,9
303,303,annotate_busby_phage_373,3
304,304,annotate_busby_phage_374,10
305,305,annotate_busby_phage_375,19
306,306,annotate_busby_phage_376,3
307,307,annotate_busby_phage_377,5
308,308,annotate_busby_phage_378,19
309,309,annotate_busby_phage_379,14
310,310,annotate_busby_phage_38,14
311,311,annotate_busby_phage_380,15
312,312,annotate_busby_phage_381,20
313,313,annotate_busby_phage_382,63
314,314,annotate_busby_phage_383,9
315,315,annotate_busby_phage_384,27
316,316,annotate_busby_phage_385,22
317,317,annotate_busby_phage_386,6
318,318,annotate_busby_phage_387,11
319,319,annotate_busby_phage_388,19
320,320,annotate_busby_phage_389,17
321,321,annotate_busby_phage_39,6
322,322,annotate_busby_phage_390,15
323,323,annotate_busby_phage_391,6
324,324,annotate_busby_phage_392,9
325,325,annotate_busby_phage_393,32
326,326,annotate_busby_phage_394,28
327,327,annotate_busby_phage_395,11
328,328,annotate_busby_phage_396,14
329,329,annotate_busby_phage_397,7
330,330,annotate_busby_phage_398,27
331,331,annotate_busby_phage_399,12
332,332,annotate_busby_phage_4,5
333,333,annotate_busby_phage_40,7
334,334,annotate_busby_phage_400,8
335,335,annotate_busby_phage_401,29
336,336,annotate_busby_phage_402,7
337,337,annotate_busby_phage_403,13
338,338,annotate_busby_phage_404,14
339,339,annotate_busby_phage_405,4
340,340,annotate_busby_phage_406,12
341,341,annotate_busby_phage_407,14
342,342,annotate_busby_phage_408,9
343,343,annotate_busby_phage_409,12
344,344,annotate_busby_phage_41,7
345,345,annotate_busby_phage_410,9
346,346,annotate_busby_phage_411,15
347,347,annotate_busby_phage_412,17
348,348,annotate_busby_phage_413,10
349,349,annotate_busby_phage_414,9
350,350,annotate_busby_phage_415,4
351,351,annotate_busby_phage_416,7
352,352,annotate_busby_phage_417,8
353,353,annotate_busby_phage_418,9
354,354,annotate_busby_phage_419,6
355,355,annotate_busby_phage_42,17
356,356,annotate_busby_phage_420,15
357,357,annotate_busby_phage_421,11
358,358,annotate_busby_phage_422,3
359,359,annotate_busby_phage_423,16
360,360,annotate_busby_phage_424,8
361,361,annotate_busby_phage_425,15
362,362,annotate_busby_phage_426,5
363,363,annotate_busby_phage_427,3
364,364,annotate_busby_phage_428,14
365,365,annotate_busby_phage_429,13
366,366,annotate_busby_phage_43,14
367,367,annotate_busby_phage_430,7
368,368,annotate_busby_phage_431,25
369,369,annotate_busby_phage_432,3
370,370,annotate_busby_phage_433,45
371,371,annotate_busby_phage_434,7
372,372,annotate_busby_phage_435,4
373,373,annotate_busby_phage_436,10
374,374,annotate_busby_phage_437,4
375,375,annotate_busby_phage_438,6
376,376,annotate_busby_phage_439,4
377,377,annotate_busby_phage_44,10
378,378,annotate_busby_phage_440,8
379,379,annotate_busby_phage_441,8
380,380,annotate_busby_phage_442,13
381,381,annotate_busby_phage_443,15
382,382,annotate_busby_phage_444,10
383,383,annotate_busby_phage_445,23
384,384,annotate_busby_phage_446,7
385,385,annotate_busby_phage_447,22
386,386,annotate_busby_phage_448,6
387,387,annotate_busby_phage_449,24
388,388,annotate_busby_phage_45,15
389,389,annotate_busby_phage_450,13
390,390,annotate_busby_phage_451,53
391,391,annotate_busby_phage_452,22
392,392,annotate_busby_phage_453,76
393,393,annotate_busby_phage_454,8
394,394,annotate_busby_phage_455,16
395,395,annotate_busby_phage_456,13
396,396,annotate_busby_phage_457,8
397,397,annotate_busby_phage_458,7
398,398,annotate_busby_phage_459,22
399,399,annotate_busby_phage_46,9
400,400,annotate_busby_phage_460,5
401,401,annotate_busby_phage_461,49
402,402,annotate_busby_phage_462,9
403,403,annotate_busby_phage_463,5
404,404,annotate_busby_phage_464,75
405,405,annotate_busby_phage_465,5
406,406,annotate_busby_phage_466,34
407,407,annotate_busby_phage_467,58
408,408,annotate_busby_phage_468,127
409,409,annotate_busby_phage_469,55
410,410,annotate_busby_phage_47,8
411,411,annotate_busby_phage_470,97
412,412,annotate_busby_phage_471,19
413,413,annotate_busby_phage_472,72
414,414,annotate_busby_phage_473,129
415,415,annotate_busby_phage_474,112
416,416,annotate_busby_phage_475,102
417,417,annotate_busby_phage_476,99
418,418,annotate_busby_phage_48,18
419,419,annotate_busby_phage_49,10
420,420,annotate_busby_phage_5,9
421,421,annotate_busby_phage_50,5
422,422,annotate_busby_phage_51,15
423,423,annotate_busby_phage_52,17
424,424,annotate_busby_phage_53,6
425,425,annotate_busby_phage_54,12
426,426,annotate_busby_phage_55,12
427,427,annotate_busby_phage_56,14
428,428,annotate_busby_phage_57,9
429,429,annotate_busby_phage_58,4
430,430,annotate_busby_phage_59,7
431,431,annotate_busby_phage_6,9
432,432,annotate_busby_phage_60,16
433,433,annotate_busby_phage_61,22
434,434,annotate_busby_phage_62,3
435,435,annotate_busby_phage_63,3
436,436,annotate_busby_phage_64,3
437,437,annotate_busby_phage_65,12
438,438,annotate_busby_phage_66,9
439,439,annotate_busby_phage_67,6
440,440,annotate_busby_phage_68,5
441,441,annotate_busby_phage_69,7
442,442,annotate_busby_phage_7,7
443,443,annotate_busby_phage_70,6
444,444,annotate_busby_phage_71,12
445,445,annotate_busby_phage_73,4
446,446,annotate_busby_phage_74,8
447,447,annotate_busby_phage_75,11
448,448,annotate_busby_phage_76,6
449,449,annotate_busby_phage_77,4
450,450,annotate_busby_phage_78,10
451,451,annotate_busby_phage_79,8
452,452,annotate_busby_phage_8,4
453,453,annotate_busby_phage_80,3
454,454,annotate_busby_phage_81,5
455,455,annotate_busby_phage_82,11
456,456,annotate_busby_phage_83,1
457,457,annotate_busby_phage_84,9
458,458,annotate_busby_phage_85,11
459,459,annotate_busby_phage_86,7
460,460,annotate_busby_phage_87,6
461,461,annotate_busby_phage_88,8
462,462,annotate_busby_phage_89,7
463,463,annotate_busby_phage_9,2
464,464,annotate_busby_phage_90,10
465,465,annotate_busby_phage_92,6
466,466,annotate_busby_phage_93,10
467,467,annotate_busby_phage_94,16
468,468,annotate_busby_phage_95,18
469,469,annotate_busby_phage_96,4
470,470,annotate_busby_phage_97,46
471,471,annotate_busby_phage_98,10
472,472,annotate_busby_phage_99,4
473,473,annotate_deboutte_phage_0,58
474,474,annotate_deboutte_phage_1,20
475,475,annotate_deboutte_phage_10,15
476,476,annotate_deboutte_phage_100,9
477,477,annotate_deboutte_phage_101,6
478,478,annotate_deboutte_phage_102,9
479,479,annotate_deboutte_phage_103,19
480,480,annotate_deboutte_phage_104,15
481,481,annotate_deboutte_phage_105,24
482,482,annotate_deboutte_phage_106,6
483,483,annotate_deboutte_phage_107,4
484,484,annotate_deboutte_phage_108,8
485,485,annotate_deboutte_phage_109,17
486,486,annotate_deboutte_phage_11,5
487,487,annotate_deboutte_phage_110,17
488,488,annotate_deboutte_phage_111,13
489,489,annotate_deboutte_phage_112,8
490,490,annotate_deboutte_phage_113,53
491,491,annotate_deboutte_phage_114,13
492,492,annotate_deboutte_phage_115,12
493,493,annotate_deboutte_phage_116,26
494,494,annotate_deboutte_phage_117,19
495,495,annotate_deboutte_phage_118,9
496,496,annotate_deboutte_phage_119,8
497,497,annotate_deboutte_phage_12,11
498,498,annotate_deboutte_phage_120,21
499,499,annotate_deboutte_phage_121,9
500,500,annotate_deboutte_phage_122,10
501,501,annotate_deboutte_phage_123,51
502,502,annotate_deboutte_phage_124,17
503,503,annotate_deboutte_phage_125,11
504,504,annotate_deboutte_phage_126,12
505,505,annotate_deboutte_phage_127,6
506,506,annotate_deboutte_phage_128,6
507,507,annotate_deboutte_phage_129,11
508,508,annotate_deboutte_phage_13,10
509,509,annotate_deboutte_phage_130,15
510,510,annotate_deboutte_phage_131,6
511,511,annotate_deboutte_phage_132,10
512,512,annotate_deboutte_phage_133,9
513,513,annotate_deboutte_phage_134,14
514,514,annotate_deboutte_phage_135,81
515,515,annotate_deboutte_phage_136,54
516,516,annotate_deboutte_phage_137,43
517,517,annotate_deboutte_phage_138,32
518,518,annotate_deboutte_phage_139,28
519,519,annotate_deboutte_phage_14,12
520,520,annotate_deboutte_phage_140,11
521,521,annotate_deboutte_phage_141,12
522,522,annotate_deboutte_phage_142,8
523,523,annotate_deboutte_phage_143,10
524,524,annotate_deboutte_phage_144,7
525,525,annotate_deboutte_phage_145,4
526,526,annotate_deboutte_phage_146,7
527,527,annotate_deboutte_phage_147,9
528,528,annotate_deboutte_phage_148,87
529,529,annotate_deboutte_phage_149,64
530,530,annotate_deboutte_phage_15,8
531,531,annotate_deboutte_phage_150,70
532,532,annotate_deboutte_phage_151,56
533,533,annotate_deboutte_phage_152,47
534,534,annotate_deboutte_phage_153,29
535,535,annotate_deboutte_phage_154,40
536,536,annotate_deboutte_phage_155,27
537,537,annotate_deboutte_phage_156,11
538,538,annotate_deboutte_phage_157,11
539,539,annotate_deboutte_phage_158,12
540,540,annotate_deboutte_phage_159,11
541,541,annotate_deboutte_phage_16,14
542,542,annotate_deboutte_phage_160,9
543,543,annotate_deboutte_phage_161,12
544,544,annotate_deboutte_phage_162,9
545,545,annotate_deboutte_phage_163,30
546,546,annotate_deboutte_phage_164,19
547,547,annotate_deboutte_phage_165,18
548,548,annotate_deboutte_phage_166,14
549,549,annotate_deboutte_phage_167,7
550,550,annotate_deboutte_phage_168,10
551,551,annotate_deboutte_phage_169,11
552,552,annotate_deboutte_phage_17,4
553,553,annotate_deboutte_phage_170,4
554,554,annotate_deboutte_phage_171,8
555,555,annotate_deboutte_phage_172,5
556,556,annotate_deboutte_phage_173,12
557,557,annotate_deboutte_phage_174,49
558,558,annotate_deboutte_phage_175,2
559,559,annotate_deboutte_phage_176,11
560,560,annotate_deboutte_phage_177,8
561,561,annotate_deboutte_phage_178,271
562,562,annotate_deboutte_phage_179,70
563,563,annotate_deboutte_phage_18,9
564,564,annotate_deboutte_phage_180,93
565,565,annotate_deboutte_phage_181,68
566,566,annotate_deboutte_phage_182,83
567,567,annotate_deboutte_phage_183,53
568,568,annotate_deboutte_phage_184,61
569,569,annotate_deboutte_phage_185,75
570,570,annotate_deboutte_phage_186,75
571,571,annotate_deboutte_phage_187,53
572,572,annotate_deboutte_phage_188,73
573,573,annotate_deboutte_phage_189,63
574,574,annotate_deboutte_phage_19,7
575,575,annotate_deboutte_phage_190,50
576,576,annotate_deboutte_phage_191,40
577,577,annotate_deboutte_phage_192,54
578,578,annotate_deboutte_phage_193,50
579,579,annotate_deboutte_phage_194,32
580,580,annotate_deboutte_phage_195,50
581,581,annotate_deboutte_phage_196,42
582,582,annotate_deboutte_phage_197,57
583,583,annotate_deboutte_phage_198,53
584,584,annotate_deboutte_phage_199,54
585,585,annotate_deboutte_phage_2,18
586,586,annotate_deboutte_phage_20,9
587,587,annotate_deboutte_phage_200,23
588,588,annotate_deboutte_phage_201,29
589,589,annotate_deboutte_phage_202,41
590,590,annotate_deboutte_phage_203,34
591,591,annotate_deboutte_phage_204,19
592,592,annotate_deboutte_phage_205,26
593,593,annotate_deboutte_phage_206,29
594,594,annotate_deboutte_phage_207,35
595,595,annotate_deboutte_phage_208,21
596,596,annotate_deboutte_phage_209,23
597,597,annotate_deboutte_phage_21,8
598,598,annotate_deboutte_phage_210,27
599,599,annotate_deboutte_phage_211,38
600,600,annotate_deboutte_phage_212,27
601,601,annotate_deboutte_phage_213,21
602,602,annotate_deboutte_phage_214,33
603,603,annotate_deboutte_phage_215,36
604,604,annotate_deboutte_phage_216,32
605,605,annotate_deboutte_phage_217,22
606,606,annotate_deboutte_phage_218,24
607,607,annotate_deboutte_phage_219,14
608,608,annotate_deboutte_phage_22,10
609,609,annotate_deboutte_phage_220,20
610,610,annotate_deboutte_phage_221,22
611,611,annotate_deboutte_phage_222,33
612,612,annotate_deboutte_phage_223,30
613,613,annotate_deboutte_phage_224,22
614,614,annotate_deboutte_phage_225,18
615,615,annotate_deboutte_phage_226,24
616,616,annotate_deboutte_phage_227,14
617,617,annotate_deboutte_phage_228,18
618,618,annotate_deboutte_phage_229,25
619,619,annotate_deboutte_phage_23,6
620,620,annotate_deboutte_phage_230,29
621,621,annotate_deboutte_phage_231,16
622,622,annotate_deboutte_phage_232,23
623,623,annotate_deboutte_phage_233,12
624,624,annotate_deboutte_phage_234,19
625,625,annotate_deboutte_phage_235,15
626,626,annotate_deboutte_phage_236,23
627,627,annotate_deboutte_phage_237,20
628,628,annotate_deboutte_phage_238,26
629,629,annotate_deboutte_phage_239,14
630,630,annotate_deboutte_phage_24,7
631,631,annotate_deboutte_phage_240,13
632,632,annotate_deboutte_phage_241,23
633,633,annotate_deboutte_phage_242,26
634,634,annotate_deboutte_phage_243,14
635,635,annotate_deboutte_phage_244,18
636,636,annotate_deboutte_phage_245,13
637,637,annotate_deboutte_phage_246,8
638,638,annotate_deboutte_phage_247,26
639,639,annotate_deboutte_phage_248,18
640,640,annotate_deboutte_phage_249,9
641,641,annotate_deboutte_phage_25,9
642,642,annotate_deboutte_phage_250,17
643,643,annotate_deboutte_phage_251,17
644,644,annotate_deboutte_phage_252,16
645,645,annotate_deboutte_phage_253,29
646,646,annotate_deboutte_phage_254,18
647,647,annotate_deboutte_phage_255,13
648,648,annotate_deboutte_phage_256,8
649,649,annotate_deboutte_phage_257,15
650,650,annotate_deboutte_phage_258,7
651,651,annotate_deboutte_phage_259,19
652,652,annotate_deboutte_phage_26,3
653,653,annotate_deboutte_phage_260,11
654,654,annotate_deboutte_phage_261,7
655,655,annotate_deboutte_phage_262,7
656,656,annotate_deboutte_phage_263,24
657,657,annotate_deboutte_phage_264,9
658,658,annotate_deboutte_phage_265,13
659,659,annotate_deboutte_phage_266,15
660,660,annotate_deboutte_phage_267,10
661,661,annotate_deboutte_phage_268,18
662,662,annotate_deboutte_phage_269,16
663,663,annotate_deboutte_phage_27,5
664,664,annotate_deboutte_phage_270,12
665,665,annotate_deboutte_phage_271,24
666,666,annotate_deboutte_phage_272,19
667,667,annotate_deboutte_phage_273,11
668,668,annotate_deboutte_phage_274,10
669,669,annotate_deboutte_phage_275,8
670,670,annotate_deboutte_phage_276,8
671,671,annotate_deboutte_phage_277,10
672,672,annotate_deboutte_phage_278,14
673,673,annotate_deboutte_phage_279,8
674,674,annotate_deboutte_phage_28,8
675,675,annotate_deboutte_phage_280,12
676,676,annotate_deboutte_phage_281,5
677,677,annotate_deboutte_phage_282,10
678,678,annotate_deboutte_phage_283,15
679,679,annotate_deboutte_phage_284,17
680,680,annotate_deboutte_phage_285,11
681,681,annotate_deboutte_phage_286,20
682,682,annotate_deboutte_phage_287,11
683,683,annotate_deboutte_phage_288,21
684,684,annotate_deboutte_phage_289,9
685,685,annotate_deboutte_phage_29,11
686,686,annotate_deboutte_phage_290,5
687,687,annotate_deboutte_phage_291,23
688,688,annotate_deboutte_phage_292,18
689,689,annotate_deboutte_phage_293,13
690,690,annotate_deboutte_phage_294,9
691,691,annotate_deboutte_phage_295,6
692,692,annotate_deboutte_phage_296,14
693,693,annotate_deboutte_phage_297,5
694,694,annotate_deboutte_phage_298,6
695,695,annotate_deboutte_phage_299,7
696,696,annotate_deboutte_phage_3,15
697,697,annotate_deboutte_phage_30,11
698,698,annotate_deboutte_phage_300,19
699,699,annotate_deboutte_phage_301,14
700,700,annotate_deboutte_phage_302,16
701,701,annotate_deboutte_phage_303,3
702,702,annotate_deboutte_phage_304,8
703,703,annotate_deboutte_phage_305,2
704,704,annotate_deboutte_phage_306,16
705,705,annotate_deboutte_phage_307,10
706,706,annotate_deboutte_phage_308,11
707,707,annotate_deboutte_phage_309,18
708,708,annotate_deboutte_phage_31,11
709,709,annotate_deboutte_phage_310,16
710,710,annotate_deboutte_phage_311,13
711,711,annotate_deboutte_phage_312,6
712,712,annotate_deboutte_phage_313,8
713,713,annotate_deboutte_phage_314,11
714,714,annotate_deboutte_phage_315,5
715,715,annotate_deboutte_phage_316,8
716,716,annotate_deboutte_phage_317,7
717,717,annotate_deboutte_phage_318,11
718,718,annotate_deboutte_phage_319,14
719,719,annotate_deboutte_phage_32,38
720,720,annotate_deboutte_phage_320,15
721,721,annotate_deboutte_phage_321,10
722,722,annotate_deboutte_phage_322,7
723,723,annotate_deboutte_phage_323,6
724,724,annotate_deboutte_phage_324,12
725,725,annotate_deboutte_phage_325,9
726,726,annotate_deboutte_phage_326,16
727,727,annotate_deboutte_phage_327,8
728,728,annotate_deboutte_phage_328,6
729,729,annotate_deboutte_phage_329,6
730,730,annotate_deboutte_phage_33,18
731,731,annotate_deboutte_phage_330,6
732,732,annotate_deboutte_phage_331,10
733,733,annotate_deboutte_phage_332,5
734,734,annotate_deboutte_phage_333,16
735,735,annotate_deboutte_phage_334,5
736,736,annotate_deboutte_phage_335,12
737,737,annotate_deboutte_phage_336,9
738,738,annotate_deboutte_phage_337,11
739,739,annotate_deboutte_phage_338,7
740,740,annotate_deboutte_phage_339,15
741,741,annotate_deboutte_phage_34,22
742,742,annotate_deboutte_phage_340,7
743,743,annotate_deboutte_phage_341,10
744,744,annotate_deboutte_phage_342,7
745,745,annotate_deboutte_phage_343,4
746,746,annotate_deboutte_phage_344,8
747,747,annotate_deboutte_phage_345,4
748,748,annotate_deboutte_phage_346,5
749,749,annotate_deboutte_phage_347,10
750,750,annotate_deboutte_phage_348,11
751,751,annotate_deboutte_phage_349,5
752,752,annotate_deboutte_phage_35,23
753,753,annotate_deboutte_phage_350,6
754,754,annotate_deboutte_phage_351,7
755,755,annotate_deboutte_phage_352,6
756,756,annotate_deboutte_phage_353,6
757,757,annotate_deboutte_phage_354,4
758,758,annotate_deboutte_phage_355,14
759,759,annotate_deboutte_phage_356,7
760,760,annotate_deboutte_phage_357,5
761,761,annotate_deboutte_phage_358,8
762,762,annotate_deboutte_phage_359,4
763,763,annotate_deboutte_phage_36,11
764,764,annotate_deboutte_phage_360,3
765,765,annotate_deboutte_phage_361,11
766,766,annotate_deboutte_phage_362,3
767,767,annotate_deboutte_phage_363,15
768,768,annotate_deboutte_phage_364,8
769,769,annotate_deboutte_phage_365,15
770,770,annotate_deboutte_phage_366,18
771,771,annotate_deboutte_phage_367,5
772,772,annotate_deboutte_phage_368,12
773,773,annotate_deboutte_phage_369,50
774,774,annotate_deboutte_phage_37,11
775,775,annotate_deboutte_phage_370,49
776,776,annotate_deboutte_phage_371,21
777,777,annotate_deboutte_phage_372,37
778,778,annotate_deboutte_phage_373,16
779,779,annotate_deboutte_phage_374,16
780,780,annotate_deboutte_phage_375,18
781,781,annotate_deboutte_phage_376,27
782,782,annotate_deboutte_phage_377,16
783,783,annotate_deboutte_phage_378,10
784,784,annotate_deboutte_phage_379,12
785,785,annotate_deboutte_phage_38,9
786,786,annotate_deboutte_phage_380,5
787,787,annotate_deboutte_phage_381,11
788,788,annotate_deboutte_phage_382,4
789,789,annotate_deboutte_phage_383,4
790,790,annotate_deboutte_phage_384,9
791,791,annotate_deboutte_phage_385,4
792,792,annotate_deboutte_phage_386,8
793,793,annotate_deboutte_phage_387,6
794,794,annotate_deboutte_phage_388,7
795,795,annotate_deboutte_phage_389,7
796,796,annotate_deboutte_phage_39,16
797,797,annotate_deboutte_phage_390,50
798,798,annotate_deboutte_phage_391,43
799,799,annotate_deboutte_phage_392,30
800,800,annotate_deboutte_phage_393,23
801,801,annotate_deboutte_phage_394,16
802,802,annotate_deboutte_phage_395,9
803,803,annotate_deboutte_phage_396,8
804,804,annotate_deboutte_phage_397,11
805,805,annotate_deboutte_phage_398,8
806,806,annotate_deboutte_phage_399,23
807,807,annotate_deboutte_phage_4,20
808,808,annotate_deboutte_phage_40,4
809,809,annotate_deboutte_phage_400,9
810,810,annotate_deboutte_phage_401,20
811,811,annotate_deboutte_phage_402,21
812,812,annotate_deboutte_phage_403,10
813,813,annotate_deboutte_phage_404,4
814,814,annotate_deboutte_phage_405,8
815,815,annotate_deboutte_phage_406,13
816,816,annotate_deboutte_phage_407,9
817,817,annotate_deboutte_phage_408,8
818,818,annotate_deboutte_phage_409,9
819,819,annotate_deboutte_phage_41,10
820,820,annotate_deboutte_phage_410,6
821,821,annotate_deboutte_phage_411,12
822,822,annotate_deboutte_phage_412,7
823,823,annotate_deboutte_phage_413,6
824,824,annotate_deboutte_phage_414,11
825,825,annotate_deboutte_phage_415,4
826,826,annotate_deboutte_phage_416,10
827,827,annotate_deboutte_phage_417,9
828,828,annotate_deboutte_phage_418,74
829,829,annotate_deboutte_phage_419,62
830,830,annotate_deboutte_phage_42,5
831,831,annotate_deboutte_phage_420,67
832,832,annotate_deboutte_phage_421,60
833,833,annotate_deboutte_phage_422,60
834,834,annotate_deboutte_phage_423,46
835,835,annotate_deboutte_phage_424,54
836,836,annotate_deboutte_phage_425,29
837,837,annotate_deboutte_phage_426,36
838,838,annotate_deboutte_phage_427,35
839,839,annotate_deboutte_phage_428,35
840,840,annotate_deboutte_phage_429,30
841,841,annotate_deboutte_phage_43,6
842,842,annotate_deboutte_phage_430,29
843,843,annotate_deboutte_phage_431,22
844,844,annotate_deboutte_phage_432,17
845,845,annotate_deboutte_phage_433,32
846,846,annotate_deboutte_phage_434,34
847,847,annotate_deboutte_phage_435,16
848,848,annotate_deboutte_phage_436,21
849,849,annotate_deboutte_phage_437,18
850,850,annotate_deboutte_phage_438,15
851,851,annotate_deboutte_phage_439,26
852,852,annotate_deboutte_phage_44,6
853,853,annotate_deboutte_phage_440,10
854,854,annotate_deboutte_phage_441,12
855,855,annotate_deboutte_phage_442,13
856,856,annotate_deboutte_phage_443,11
857,857,annotate_deboutte_phage_444,10
858,858,annotate_deboutte_phage_445,10
859,859,annotate_deboutte_phage_446,12
860,860,annotate_deboutte_phage_447,19
861,861,annotate_deboutte_phage_448,13
862,862,annotate_deboutte_phage_449,19
863,863,annotate_deboutte_phage_45,7
864,864,annotate_deboutte_phage_450,9
865,865,annotate_deboutte_phage_451,20
866,866,annotate_deboutte_phage_452,14
867,867,annotate_deboutte_phage_453,9
868,868,annotate_deboutte_phage_454,16
869,869,annotate_deboutte_phage_455,11
870,870,annotate_deboutte_phage_456,10
871,871,annotate_deboutte_phage_457,9
872,872,annotate_deboutte_phage_458,11
873,873,annotate_deboutte_phage_459,12
874,874,annotate_deboutte_phage_46,2
875,875,annotate_deboutte_phage_460,4
876,876,annotate_deboutte_phage_461,15
877,877,annotate_deboutte_phage_462,6
878,878,annotate_deboutte_phage_463,10
879,879,annotate_deboutte_phage_464,7
880,880,annotate_deboutte_phage_465,9
881,881,annotate_deboutte_phage_466,13
882,882,annotate_deboutte_phage_467,7
883,883,annotate_deboutte_phage_468,13
884,884,annotate_deboutte_phage_469,41
885,885,annotate_deboutte_phage_47,38
886,886,annotate_deboutte_phage_470,64
887,887,annotate_deboutte_phage_471,46
888,888,annotate_deboutte_phage_472,15
889,889,annotate_deboutte_phage_473,14
890,890,annotate_deboutte_phage_474,11
891,891,annotate_deboutte_phage_475,8
892,892,annotate_deboutte_phage_476,12
893,893,annotate_deboutte_phage_477,9
894,894,annotate_deboutte_phage_478,12
895,895,annotate_deboutte_phage_479,10
896,896,annotate_deboutte_phage_48,7
897,897,annotate_deboutte_phage_480,9
898,898,annotate_deboutte_phage_481,7
899,899,annotate_deboutte_phage_482,10
900,900,annotate_deboutte_phage_483,9
901,901,annotate_deboutte_phage_484,70
902,902,annotate_deboutte_phage_485,22
903,903,annotate_deboutte_phage_486,27
904,904,annotate_deboutte_phage_487,17
905,905,annotate_deboutte_phage_488,13
906,906,annotate_deboutte_phage_489,11
907,907,annotate_deboutte_phage_49,9
908,908,annotate_deboutte_phage_490,10
909,909,annotate_deboutte_phage_491,8
910,910,annotate_deboutte_phage_492,40
911,911,annotate_deboutte_phage_493,44
912,912,annotate_deboutte_phage_494,8
913,913,annotate_deboutte_phage_495,22
914,914,annotate_deboutte_phage_496,12
915,915,annotate_deboutte_phage_497,8
916,916,annotate_deboutte_phage_498,7
917,917,annotate_deboutte_phage_499,9
918,918,annotate_deboutte_phage_5,14
919,919,annotate_deboutte_phage_50,13
920,920,annotate_deboutte_phage_500,7
921,921,annotate_deboutte_phage_501,12
922,922,annotate_deboutte_phage_502,10
923,923,annotate_deboutte_phage_503,12
924,924,annotate_deboutte_phage_504,4
925,925,annotate_deboutte_phage_505,53
926,926,annotate_deboutte_phage_506,38
927,927,annotate_deboutte_phage_507,11
928,928,annotate_deboutte_phage_508,21
929,929,annotate_deboutte_phage_509,13
930,930,annotate_deboutte_phage_51,62
931,931,annotate_deboutte_phage_510,7
932,932,annotate_deboutte_phage_511,89
933,933,annotate_deboutte_phage_512,38
934,934,annotate_deboutte_phage_513,7
935,935,annotate_deboutte_phage_514,7
936,936,annotate_deboutte_phage_515,187
937,937,annotate_deboutte_phage_516,23
938,938,annotate_deboutte_phage_517,26
939,939,annotate_deboutte_phage_518,18
940,940,annotate_deboutte_phage_519,21
941,941,annotate_deboutte_phage_52,62
942,942,annotate_deboutte_phage_520,16
943,943,annotate_deboutte_phage_521,13
944,944,annotate_deboutte_phage_522,13
945,945,annotate_deboutte_phage_523,14
946,946,annotate_deboutte_phage_524,12
947,947,annotate_deboutte_phage_525,13
948,948,annotate_deboutte_phage_526,7
949,949,annotate_deboutte_phage_527,12
950,950,annotate_deboutte_phage_528,8
951,951,annotate_deboutte_phage_529,3
952,952,annotate_deboutte_phage_53,34
953,953,annotate_deboutte_phage_530,7
954,954,annotate_deboutte_phage_531,12
955,955,annotate_deboutte_phage_532,10
956,956,annotate_deboutte_phage_533,9
957,957,annotate_deboutte_phage_534,19
958,958,annotate_deboutte_phage_535,13
959,959,annotate_deboutte_phage_536,9
960,960,annotate_deboutte_phage_54,8
961,961,annotate_deboutte_phage_55,20
962,962,annotate_deboutte_phage_56,26
963,963,annotate_deboutte_phage_57,14
964,964,annotate_deboutte_phage_58,13
965,965,annotate_deboutte_phage_59,10
966,966,annotate_deboutte_phage_6,25
967,967,annotate_deboutte_phage_60,14
968,968,annotate_deboutte_phage_61,6
969,969,annotate_deboutte_phage_62,13
970,970,annotate_deboutte_phage_63,15
971,971,annotate_deboutte_phage_64,9
972,972,annotate_deboutte_phage_65,5
973,973,annotate_deboutte_phage_66,3
974,974,annotate_deboutte_phage_67,12
975,975,annotate_deboutte_phage_68,7
976,976,annotate_deboutte_phage_69,7
977,977,annotate_deboutte_phage_7,15
978,978,annotate_deboutte_phage_70,9
979,979,annotate_deboutte_phage_71,5
980,980,annotate_deboutte_phage_72,8
981,981,annotate_deboutte_phage_73,13
982,982,annotate_deboutte_phage_74,7
983,983,annotate_deboutte_phage_75,10
984,984,annotate_deboutte_phage_76,16
985,985,annotate_deboutte_phage_77,7
986,986,annotate_deboutte_phage_78,13
987,987,annotate_deboutte_phage_79,10
988,988,annotate_deboutte_phage_8,17
989,989,annotate_deboutte_phage_80,16
990,990,annotate_deboutte_phage_81,29
991,991,annotate_deboutte_phage_82,6
992,992,annotate_deboutte_phage_83,10
993,993,annotate_deboutte_phage_84,12
994,994,annotate_deboutte_phage_85,8
995,995,annotate_deboutte_phage_86,60
996,996,annotate_deboutte_phage_87,13
997,997,annotate_deboutte_phage_88,31
998,998,annotate_deboutte_phage_89,52
999,999,annotate_deboutte_phage_9,13
1000,1000,annotate_deboutte_phage_90,28
1001,1001,annotate_deboutte_phage_91,23
1002,1002,annotate_deboutte_phage_92,29
1003,1003,annotate_deboutte_phage_93,17
1004,1004,annotate_deboutte_phage_94,14
1005,1005,annotate_deboutte_phage_95,7
1006,1006,annotate_deboutte_phage_96,16
1007,1007,annotate_deboutte_phage_97,16
1008,1008,annotate_deboutte_phage_98,8
1009,1009,annotate_deboutte_phage_99,16
1010,1010,annotate_rosso_phage_0,23
1011,1011,annotate_rosso_phage_1,23
1012,1012,annotate_rosso_phage_10,17
1013,1013,annotate_rosso_phage_100,16
1014,1014,annotate_rosso_phage_101,10
1015,1015,annotate_rosso_phage_102,17
1016,1016,annotate_rosso_phage_103,22
1017,1017,annotate_rosso_phage_104,6
1018,1018,annotate_rosso_phage_105,13
1019,1019,annotate_rosso_phage_106,18
1020,1020,annotate_rosso_phage_107,56
1021,1021,annotate_rosso_phage_108,13
1022,1022,annotate_rosso_phage_109,20
1023,1023,annotate_rosso_phage_11,23
1024,1024,annotate_rosso_phage_110,19
1025,1025,annotate_rosso_phage_111,80
1026,1026,annotate_rosso_phage_112,91
1027,1027,annotate_rosso_phage_113,15
1028,1028,annotate_rosso_phage_114,9
1029,1029,annotate_rosso_phage_115,9
1030,1030,annotate_rosso_phage_116,13
1031,1031,annotate_rosso_phage_117,15
1032,1032,annotate_rosso_phage_118,17
1033,1033,annotate_rosso_phage_119,12
1034,1034,annotate_rosso_phage_12,66
1035,1035,annotate_rosso_phage_120,68
1036,1036,annotate_rosso_phage_121,22
1037,1037,annotate_rosso_phage_122,23
1038,1038,annotate_rosso_phage_123,23
1039,1039,annotate_rosso_phage_124,16
1040,1040,annotate_rosso_phage_125,25
1041,1041,annotate_rosso_phage_126,10
1042,1042,annotate_rosso_phage_127,15
1043,1043,annotate_rosso_phage_128,26
1044,1044,annotate_rosso_phage_129,21
1045,1045,annotate_rosso_phage_13,8
1046,1046,annotate_rosso_phage_130,14
1047,1047,annotate_rosso_phage_131,14
1048,1048,annotate_rosso_phage_132,14
1049,1049,annotate_rosso_phage_133,21
1050,1050,annotate_rosso_phage_134,12
1051,1051,annotate_rosso_phage_135,18
1052,1052,annotate_rosso_phage_136,26
1053,1053,annotate_rosso_phage_137,25
1054,1054,annotate_rosso_phage_138,20
1055,1055,annotate_rosso_phage_139,16
1056,1056,annotate_rosso_phage_14,14
1057,1057,annotate_rosso_phage_140,21
1058,1058,annotate_rosso_phage_141,22
1059,1059,annotate_rosso_phage_142,9
1060,1060,annotate_rosso_phage_143,11
1061,1061,annotate_rosso_phage_144,14
1062,1062,annotate_rosso_phage_145,8
1063,1063,annotate_rosso_phage_146,7
1064,1064,annotate_rosso_phage_147,28
1065,1065,annotate_rosso_phage_148,12
1066,1066,annotate_rosso_phage_149,12
1067,1067,annotate_rosso_phage_15,17
1068,1068,annotate_rosso_phage_150,12
1069,1069,annotate_rosso_phage_151,9
1070,1070,annotate_rosso_phage_152,14
1071,1071,annotate_rosso_phage_153,44
1072,1072,annotate_rosso_phage_154,77
1073,1073,annotate_rosso_phage_155,15
1074,1074,annotate_rosso_phage_156,24
1075,1075,annotate_rosso_phage_157,48
1076,1076,annotate_rosso_phage_158,15
1077,1077,annotate_rosso_phage_159,10
1078,1078,annotate_rosso_phage_16,33
1079,1079,annotate_rosso_phage_160,10
1080,1080,annotate_rosso_phage_161,38
1081,1081,annotate_rosso_phage_162,33
1082,1082,annotate_rosso_phage_163,15
1083,1083,annotate_rosso_phage_164,9
1084,1084,annotate_rosso_phage_165,13
1085,1085,annotate_rosso_phage_166,13
1086,1086,annotate_rosso_phage_167,50
1087,1087,annotate_rosso_phage_168,13
1088,1088,annotate_rosso_phage_169,8
1089,1089,annotate_rosso_phage_17,12
1090,1090,annotate_rosso_phage_170,8
1091,1091,annotate_rosso_phage_171,9
1092,1092,annotate_rosso_phage_172,10
1093,1093,annotate_rosso_phage_173,13
1094,1094,annotate_rosso_phage_174,8
1095,1095,annotate_rosso_phage_175,16
1096,1096,annotate_rosso_phage_176,15
1097,1097,annotate_rosso_phage_177,7
1098,1098,annotate_rosso_phage_178,11
1099,1099,annotate_rosso_phage_179,11
1100,1100,annotate_rosso_phage_18,20
1101,1101,annotate_rosso_phage_180,5
1102,1102,annotate_rosso_phage_181,16
1103,1103,annotate_rosso_phage_182,27
1104,1104,annotate_rosso_phage_183,14
1105,1105,annotate_rosso_phage_184,19
1106,1106,annotate_rosso_phage_185,18
1107,1107,annotate_rosso_phage_186,12
1108,1108,annotate_rosso_phage_187,18
1109,1109,annotate_rosso_phage_188,27
1110,1110,annotate_rosso_phage_189,6
1111,1111,annotate_rosso_phage_19,15
1112,1112,annotate_rosso_phage_190,10
1113,1113,annotate_rosso_phage_191,25
1114,1114,annotate_rosso_phage_192,7
1115,1115,annotate_rosso_phage_193,14
1116,1116,annotate_rosso_phage_194,11
1117,1117,annotate_rosso_phage_195,58
1118,1118,annotate_rosso_phage_196,11
1119,1119,annotate_rosso_phage_197,13
1120,1120,annotate_rosso_phage_2,24
1121,1121,annotate_rosso_phage_20,14
1122,1122,annotate_rosso_phage_21,13
1123,1123,annotate_rosso_phage_22,16
1124,1124,annotate_rosso_phage_23,25
1125,1125,annotate_rosso_phage_24,58
1126,1126,annotate_rosso_phage_25,19
1127,1127,annotate_rosso_phage_26,9
1128,1128,annotate_rosso_phage_27,5
1129,1129,annotate_rosso_phage_28,33
1130,1130,annotate_rosso_phage_29,75
1131,1131,annotate_rosso_phage_3,62
1132,1132,annotate_rosso_phage_30,12
1133,1133,annotate_rosso_phage_31,34
1134,1134,annotate_rosso_phage_32,33
1135,1135,annotate_rosso_phage_33,20
1136,1136,annotate_rosso_phage_34,18
1137,1137,annotate_rosso_phage_35,16
1138,1138,annotate_rosso_phage_36,51
1139,1139,annotate_rosso_phage_37,24
1140,1140,annotate_rosso_phage_38,30
1141,1141,annotate_rosso_phage_39,78
1142,1142,annotate_rosso_phage_4,67
1143,1143,annotate_rosso_phage_40,66
1144,1144,annotate_rosso_phage_41,19
1145,1145,annotate_rosso_phage_42,15
1146,1146,annotate_rosso_phage_43,18
1147,1147,annotate_rosso_phage_44,20
1148,1148,annotate_rosso_phage_45,18
1149,1149,annotate_rosso_phage_46,23
1150,1150,annotate_rosso_phage_47,13
1151,1151,annotate_rosso_phage_48,20
1152,1152,annotate_rosso_phage_49,22
1153,1153,annotate_rosso_phage_5,42
1154,1154,annotate_rosso_phage_50,10
1155,1155,annotate_rosso_phage_51,9
1156,1156,annotate_rosso_phage_52,17
1157,1157,annotate_rosso_phage_53,21
1158,1158,annotate_rosso_phage_54,12
1159,1159,annotate_rosso_phage_55,42
1160,1160,annotate_rosso_phage_56,47
1161,1161,annotate_rosso_phage_57,42
1162,1162,annotate_rosso_phage_58,38
1163,1163,annotate_rosso_phage_59,12
1164,1164,annotate_rosso_phage_6,46
1165,1165,annotate_rosso_phage_60,52
1166,1166,annotate_rosso_phage_61,24
1167,1167,annotate_rosso_phage_62,11
1168,1168,annotate_rosso_phage_63,22
1169,1169,annotate_rosso_phage_64,42
1170,1170,annotate_rosso_phage_65,27
1171,1171,annotate_rosso_phage_66,14
1172,1172,annotate_rosso_phage_67,10
1173,1173,annotate_rosso_phage_68,18
1174,1174,annotate_rosso_phage_69,47
1175,1175,annotate_rosso_phage_7,23
1176,1176,annotate_rosso_phage_70,16
1177,1177,annotate_rosso_phage_71,19
1178,1178,annotate_rosso_phage_72,12
1179,1179,annotate_rosso_phage_73,16
1180,1180,annotate_rosso_phage_74,14
1181,1181,annotate_rosso_phage_75,14
1182,1182,annotate_rosso_phage_76,9
1183,1183,annotate_rosso_phage_77,11
1184,1184,annotate_rosso_phage_78,16
1185,1185,annotate_rosso_phage_79,11
1186,1186,annotate_rosso_phage_8,11
1187,1187,annotate_rosso_phage_80,20
1188,1188,annotate_rosso_phage_81,9
1189,1189,annotate_rosso_phage_82,11
1190,1190,annotate_rosso_phage_83,16
1191,1191,annotate_rosso_phage_84,17
1192,1192,annotate_rosso_phage_85,17
1193,1193,annotate_rosso_phage_86,15
1194,1194,annotate_rosso_phage_87,18
1195,1195,annotate_rosso_phage_88,20
1196,1196,annotate_rosso_phage_89,20
1197,1197,annotate_rosso_phage_9,23
1198,1198,annotate_rosso_phage_90,24
1199,1199,annotate_rosso_phage_91,19
1200,1200,annotate_rosso_phage_92,19
1201,1201,annotate_rosso_phage_93,18
1202,1202,annotate_rosso_phage_94,16
1203,1203,annotate_rosso_phage_95,10
1204,1204,annotate_rosso_phage_96,25
1205,1205,annotate_rosso_phage_97,18
1206,1206,annotate_rosso_phage_98,56
1207,1207,annotate_rosso_phage_99,11
1208,1208,annotate_total_phage_0,67
1209,1209,annotate_total_phage_1,72
1210,1210,annotate_total_phage_100,48
1211,1211,annotate_total_phage_102,55
1212,1212,annotate_total_phage_104,55
1213,1213,annotate_total_phage_105,45
1214,1214,annotate_total_phage_106,47
1215,1215,annotate_total_phage_11,31
1216,1216,annotate_total_phage_111,129
1217,1217,annotate_total_phage_112,85
1218,1218,annotate_total_phage_113,71
1219,1219,annotate_total_phage_114,63
1220,1220,annotate_total_phage_115,55
1221,1221,annotate_total_phage_116,58
1222,1222,annotate_total_phage_117,43
1223,1223,annotate_total_phage_118,45
1224,1224,annotate_total_phage_12,27
1225,1225,annotate_total_phage_121,31
1226,1226,annotate_total_phage_122,29
1227,1227,annotate_total_phage_123,27
1228,1228,annotate_total_phage_125,24
1229,1229,annotate_total_phage_172,47
1230,1230,annotate_total_phage_174,20
1231,1231,annotate_total_phage_175,55
1232,1232,annotate_total_phage_176,15
1233,1233,annotate_total_phage_178,41
1234,1234,annotate_total_phage_179,48
1235,1235,annotate_total_phage_18,22
1236,1236,annotate_total_phage_187,60
1237,1237,annotate_total_phage_188,64
1238,1238,annotate_total_phage_189,54
1239,1239,annotate_total_phage_2,55
1240,1240,annotate_total_phage_231,130
1241,1241,annotate_total_phage_232,72
1242,1242,annotate_total_phage_233,113
1243,1243,annotate_total_phage_237,25
1244,1244,annotate_total_phage_239,37
1245,1245,annotate_total_phage_240,41
1246,1246,annotate_total_phage_242,57
1247,1247,annotate_total_phage_243,36
1248,1248,annotate_total_phage_244,54
1249,1249,annotate_total_phage_245,44
1250,1250,annotate_total_phage_246,39
1251,1251,annotate_total_phage_247,34
1252,1252,annotate_total_phage_248,33
1253,1253,annotate_total_phage_249,21
1254,1254,annotate_total_phage_252,23
1255,1255,annotate_total_phage_254,18
1256,1256,annotate_total_phage_293,59
1257,1257,annotate_total_phage_294,73
1258,1258,annotate_total_phage_296,27
1259,1259,annotate_total_phage_297,55
1260,1260,annotate_total_phage_298,62
1261,1261,annotate_total_phage_299,52
1262,1262,annotate_total_phage_3,48
1263,1263,annotate_total_phage_303,58
1264,1264,annotate_total_phage_304,42
1265,1265,annotate_total_phage_305,43
1266,1266,annotate_total_phage_306,44
1267,1267,annotate_total_phage_307,37
1268,1268,annotate_total_phage_308,38
1269,1269,annotate_total_phage_357,31
1270,1270,annotate_total_phage_358,62
1271,1271,annotate_total_phage_360,54
1272,1272,annotate_total_phage_361,47
1273,1273,annotate_total_phage_362,82
1274,1274,annotate_total_phage_363,36
1275,1275,annotate_total_phage_364,36
1276,1276,annotate_total_phage_366,28
1277,1277,annotate_total_phage_368,59
1278,1278,annotate_total_phage_369,48
1279,1279,annotate_total_phage_370,36
1280,1280,annotate_total_phage_371,31
1281,1281,annotate_total_phage_4,57
1282,1282,annotate_total_phage_413,195
1283,1283,annotate_total_phage_414,78
1284,1284,annotate_total_phage_415,70
1285,1285,annotate_total_phage_416,56
1286,1286,annotate_total_phage_417,51
1287,1287,annotate_total_phage_418,44
1288,1288,annotate_total_phage_437,45
1289,1289,annotate_total_phage_443,18
1290,1290,annotate_total_phage_445,55
1291,1291,annotate_total_phage_446,30
1292,1292,annotate_total_phage_449,23
1293,1293,annotate_total_phage_451,31
1294,1294,annotate_total_phage_453,30
1295,1295,annotate_total_phage_454,29
1296,1296,annotate_total_phage_462,9
1297,1297,annotate_total_phage_471,7
1298,1298,annotate_total_phage_478,50
1299,1299,annotate_total_phage_479,64
1300,1300,annotate_total_phage_483,33
1301,1301,annotate_total_phage_487,13
1302,1302,annotate_total_phage_488,11
1303,1303,annotate_total_phage_497,58
1304,1304,annotate_total_phage_5,44
1305,1305,annotate_total_phage_500,105
1306,1306,annotate_total_phage_501,26
1307,1307,annotate_total_phage_512,7
1308,1308,annotate_total_phage_517,8
1309,1309,annotate_total_phage_518,63
1310,1310,annotate_total_phage_520,23
1311,1311,annotate_total_phage_524,73
1312,1312,annotate_total_phage_525,47
1313,1313,annotate_total_phage_526,31
1314,1314,annotate_total_phage_600,28
1315,1315,annotate_total_phage_604,70
1316,1316,annotate_total_phage_605,41
1317,1317,annotate_total_phage_609,6
1318,1318,annotate_total_phage_611,11
1319,1319,annotate_total_phage_616,6
1320,1320,annotate_total_phage_636,50
1321,1321,annotate_total_phage_637,50
1322,1322,annotate_total_phage_638,25
1323,1323,annotate_total_phage_639,24
1324,1324,annotate_total_phage_644,21
1325,1325,annotate_total_phage_650,7
1326,1326,annotate_total_phage_653,68
1327,1327,annotate_total_phage_655,38
1328,1328,annotate_total_phage_658,73
1329,1329,annotate_total_phage_663,56
1330,1330,annotate_total_phage_664,32
1331,1331,annotate_total_phage_666,21
1332,1332,annotate_total_phage_692,62
1333,1333,annotate_total_phage_694,27
1334,1334,annotate_total_phage_696,22
1335,1335,annotate_total_phage_697,47
1336,1336,annotate_total_phage_711,8
1337,1337,annotate_total_phage_713,8
1338,1338,annotate_total_phage_715,6
1339,1339,annotate_total_phage_725,58
1340,1340,annotate_total_phage_727,44
1341,1341,annotate_total_phage_729,173
1342,1342,annotate_total_phage_730,195
1343,1343,annotate_total_phage_731,144
1344,1344,annotate_total_phage_733,64
1345,1345,annotate_total_phage_734,63
1346,1346,annotate_total_phage_735,59
1347,1347,annotate_total_phage_737,60
1348,1348,annotate_total_phage_738,47
1349,1349,annotate_total_phage_739,41
1350,1350,annotate_total_phage_743,22
1351,1351,annotate_total_phage_745,24
1352,1352,annotate_total_phage_782,34
1353,1353,annotate_total_phage_783,46
1354,1354,annotate_total_phage_785,18
1355,1355,annotate_total_phage_786,65
1356,1356,annotate_total_phage_787,30
1357,1357,annotate_total_phage_788,56
1358,1358,annotate_total_phage_789,30
1359,1359,annotate_total_phage_790,109
1360,1360,annotate_total_phage_791,49
1361,1361,annotate_total_phage_793,71
1362,1362,annotate_total_phage_794,52
1363,1363,annotate_total_phage_795,59
1364,1364,annotate_total_phage_796,56
1365,1365,annotate_total_phage_797,47
1366,1366,annotate_total_phage_798,47
1367,1367,annotate_total_phage_799,46
1368,1368,annotate_total_phage_8,42
1369,1369,annotate_total_phage_800,50
1370,1370,annotate_total_phage_803,40
1371,1371,annotate_total_phage_804,38
1372,1372,annotate_total_phage_806,36
1373,1373,annotate_total_phage_807,40
1374,1374,annotate_total_phage_808,26
1375,1375,annotate_total_phage_809,23
1376,1376,annotate_total_phage_820,15
1377,1377,annotate_total_phage_9,45
1378,1378,annotate_total_phage_92,155
1379,1379,annotate_total_phage_925,63
1380,1380,annotate_total_phage_926,99
1381,1381,annotate_total_phage_927,244
1382,1382,annotate_total_phage_929,24
1383,1383,annotate_total_phage_930,28
1384,1384,annotate_total_phage_934,48
1385,1385,annotate_total_phage_935,26
1386,1386,annotate_total_phage_95,114
1387,1387,annotate_total_phage_98,42
1388,1388,annotate_total_phage_99,30
1389,1389,annotate_virome_phage_1,215
1390,1390,annotate_virome_phage_10,146
1391,1391,annotate_virome_phage_1004,18
1392,1392,annotate_virome_phage_1006,18
1393,1393,annotate_virome_phage_101,34
1394,1394,annotate_virome_phage_1032,15
1395,1395,annotate_virome_phage_1033,17
1396,1396,annotate_virome_phage_104,38
1397,1397,annotate_virome_phage_1061,17
1398,1398,annotate_virome_phage_1063,21
1399,1399,annotate_virome_phage_107,41
1400,1400,annotate_virome_phage_1077,14
1401,1401,annotate_virome_phage_1082,15
1402,1402,annotate_virome_phage_109,50
1403,1403,annotate_virome_phage_1092,14
1404,1404,annotate_virome_phage_11,155
1405,1405,annotate_virome_phage_110,43
1406,1406,annotate_virome_phage_1109,16
1407,1407,annotate_virome_phage_1117,16
1408,1408,annotate_virome_phage_112,30
1409,1409,annotate_virome_phage_1131,15
1410,1410,annotate_virome_phage_1142,13
1411,1411,annotate_virome_phage_115,34
1412,1412,annotate_virome_phage_1154,12
1413,1413,annotate_virome_phage_1155,17
1414,1414,annotate_virome_phage_116,34
1415,1415,annotate_virome_phage_117,24
1416,1416,annotate_virome_phage_118,46
1417,1417,annotate_virome_phage_119,31
1418,1418,annotate_virome_phage_1199,12
1419,1419,annotate_virome_phage_12,207
1420,1420,annotate_virome_phage_120,27
1421,1421,annotate_virome_phage_1217,13
1422,1422,annotate_virome_phage_123,30
1423,1423,annotate_virome_phage_1236,10
1424,1424,annotate_virome_phage_124,48
1425,1425,annotate_virome_phage_127,33
1426,1426,annotate_virome_phage_1279,13
1427,1427,annotate_virome_phage_1286,10
1428,1428,annotate_virome_phage_14,149
1429,1429,annotate_virome_phage_1411,9
1430,1430,annotate_virome_phage_142,22
1431,1431,annotate_virome_phage_144,22
1432,1432,annotate_virome_phage_1446,7
1433,1433,annotate_virome_phage_145,17
1434,1434,annotate_virome_phage_1467,9
1435,1435,annotate_virome_phage_15,184
1436,1436,annotate_virome_phage_1507,8
1437,1437,annotate_virome_phage_151,27
1438,1438,annotate_virome_phage_152,21
1439,1439,annotate_virome_phage_153,19
1440,1440,annotate_virome_phage_154,26
1441,1441,annotate_virome_phage_1541,10
1442,1442,annotate_virome_phage_155,19
1443,1443,annotate_virome_phage_1565,8
1444,1444,annotate_virome_phage_158,25
1445,1445,annotate_virome_phage_16,149
1446,1446,annotate_virome_phage_160,25
1447,1447,annotate_virome_phage_164,23
1448,1448,annotate_virome_phage_1668,9
1449,1449,annotate_virome_phage_1675,9
1450,1450,annotate_virome_phage_17,106
1451,1451,annotate_virome_phage_172,23
1452,1452,annotate_virome_phage_176,22
1453,1453,annotate_virome_phage_177,20
1454,1454,annotate_virome_phage_1770,8
1455,1455,annotate_virome_phage_1784,6
1456,1456,annotate_virome_phage_18,85
1457,1457,annotate_virome_phage_181,21
1458,1458,annotate_virome_phage_1813,8
1459,1459,annotate_virome_phage_183,20
1460,1460,annotate_virome_phage_1849,11
1461,1461,annotate_virome_phage_1873,7
1462,1462,annotate_virome_phage_189,19
1463,1463,annotate_virome_phage_19,103
1464,1464,annotate_virome_phage_191,19
1465,1465,annotate_virome_phage_193,21
1466,1466,annotate_virome_phage_196,21
1467,1467,annotate_virome_phage_2,247
1468,1468,annotate_virome_phage_201,19
1469,1469,annotate_virome_phage_202,17
1470,1470,annotate_virome_phage_21,97
1471,1471,annotate_virome_phage_219,18
1472,1472,annotate_virome_phage_22,82
1473,1473,annotate_virome_phage_2235,40
1474,1474,annotate_virome_phage_2237,21
1475,1475,annotate_virome_phage_2238,94
1476,1476,annotate_virome_phage_2239,45
1477,1477,annotate_virome_phage_2243,21
1478,1478,annotate_virome_phage_2254,168
1479,1479,annotate_virome_phage_2255,72
1480,1480,annotate_virome_phage_2259,20
1481,1481,annotate_virome_phage_2260,22
1482,1482,annotate_virome_phage_2263,12
1483,1483,annotate_virome_phage_2268,4
1484,1484,annotate_virome_phage_2269,452
1485,1485,annotate_virome_phage_2270,297
1486,1486,annotate_virome_phage_2272,184
1487,1487,annotate_virome_phage_2274,98
1488,1488,annotate_virome_phage_2275,81
1489,1489,annotate_virome_phage_2278,76
1490,1490,annotate_virome_phage_2280,78
1491,1491,annotate_virome_phage_2281,100
1492,1492,annotate_virome_phage_2282,92
1493,1493,annotate_virome_phage_2285,66
1494,1494,annotate_virome_phage_2286,73
1495,1495,annotate_virome_phage_2288,69
1496,1496,annotate_virome_phage_2290,75
1497,1497,annotate_virome_phage_2291,76
1498,1498,annotate_virome_phage_2292,72
1499,1499,annotate_virome_phage_2293,67
1500,1500,annotate_virome_phage_2294,66
1501,1501,annotate_virome_phage_2295,85
1502,1502,annotate_virome_phage_2296,70
1503,1503,annotate_virome_phage_2297,64
1504,1504,annotate_virome_phage_2298,65
1505,1505,annotate_virome_phage_2299,66
1506,1506,annotate_virome_phage_23,103
1507,1507,annotate_virome_phage_2300,60
1508,1508,annotate_virome_phage_2301,64
1509,1509,annotate_virome_phage_2303,63
1510,1510,annotate_virome_phage_2304,60
1511,1511,annotate_virome_phage_2305,57
1512,1512,annotate_virome_phage_2306,53
1513,1513,annotate_virome_phage_2308,56
1514,1514,annotate_virome_phage_2310,53
1515,1515,annotate_virome_phage_2312,62
1516,1516,annotate_virome_phage_2313,52
1517,1517,annotate_virome_phage_2314,60
1518,1518,annotate_virome_phage_2315,52
1519,1519,annotate_virome_phage_2319,42
1520,1520,annotate_virome_phage_2320,50
1521,1521,annotate_virome_phage_2322,59
1522,1522,annotate_virome_phage_2323,47
1523,1523,annotate_virome_phage_2324,45
1524,1524,annotate_virome_phage_2325,46
1525,1525,annotate_virome_phage_2327,53
1526,1526,annotate_virome_phage_2328,54
1527,1527,annotate_virome_phage_2329,40
1528,1528,annotate_virome_phage_2330,50
1529,1529,annotate_virome_phage_2333,45
1530,1530,annotate_virome_phage_2335,34
1531,1531,annotate_virome_phage_2339,37
1532,1532,annotate_virome_phage_2342,38
1533,1533,annotate_virome_phage_2343,45
1534,1534,annotate_virome_phage_2345,28
1535,1535,annotate_virome_phage_2346,38
1536,1536,annotate_virome_phage_2347,27
1537,1537,annotate_virome_phage_235,15
1538,1538,annotate_virome_phage_2350,34
1539,1539,annotate_virome_phage_2353,33
1540,1540,annotate_virome_phage_2355,29
1541,1541,annotate_virome_phage_2356,33
1542,1542,annotate_virome_phage_2357,33
1543,1543,annotate_virome_phage_2359,31
1544,1544,annotate_virome_phage_2360,34
1545,1545,annotate_virome_phage_2366,26
1546,1546,annotate_virome_phage_2368,18
1547,1547,annotate_virome_phage_2372,23
1548,1548,annotate_virome_phage_2380,25
1549,1549,annotate_virome_phage_2382,19
1550,1550,annotate_virome_phage_2385,23
1551,1551,annotate_virome_phage_2388,27
1552,1552,annotate_virome_phage_2389,18
1553,1553,annotate_virome_phage_239,13
1554,1554,annotate_virome_phage_2398,25
1555,1555,annotate_virome_phage_24,78
1556,1556,annotate_virome_phage_2400,23
1557,1557,annotate_virome_phage_2401,23
1558,1558,annotate_virome_phage_2402,18
1559,1559,annotate_virome_phage_2403,23
1560,1560,annotate_virome_phage_2407,22
1561,1561,annotate_virome_phage_2409,17
1562,1562,annotate_virome_phage_2411,23
1563,1563,annotate_virome_phage_2424,18
1564,1564,annotate_virome_phage_2465,18
1565,1565,annotate_virome_phage_2496,13
1566,1566,annotate_virome_phage_25,74
1567,1567,annotate_virome_phage_2522,12
1568,1568,annotate_virome_phage_2530,15
1569,1569,annotate_virome_phage_2599,14
1570,1570,annotate_virome_phage_26,102
1571,1571,annotate_virome_phage_2624,8
1572,1572,annotate_virome_phage_27,86
1573,1573,annotate_virome_phage_271,14
1574,1574,annotate_virome_phage_272,14
1575,1575,annotate_virome_phage_275,14
1576,1576,annotate_virome_phage_28,98
1577,1577,annotate_virome_phage_280,13
1578,1578,annotate_virome_phage_2912,53
1579,1579,annotate_virome_phage_2913,48
1580,1580,annotate_virome_phage_2914,36
1581,1581,annotate_virome_phage_3,259
1582,1582,annotate_virome_phage_303,11
1583,1583,annotate_virome_phage_31,76
1584,1584,annotate_virome_phage_318,10
1585,1585,annotate_virome_phage_32,90
1586,1586,annotate_virome_phage_33,82
1587,1587,annotate_virome_phage_331,9
1588,1588,annotate_virome_phage_34,81
1589,1589,annotate_virome_phage_35,69
1590,1590,annotate_virome_phage_36,79
1591,1591,annotate_virome_phage_37,82
1592,1592,annotate_virome_phage_38,65
1593,1593,annotate_virome_phage_39,65
1594,1594,annotate_virome_phage_4,192
1595,1595,annotate_virome_phage_41,72
1596,1596,annotate_virome_phage_42,47
1597,1597,annotate_virome_phage_43,67
1598,1598,annotate_virome_phage_440,9
1599,1599,annotate_virome_phage_45,70
1600,1600,annotate_virome_phage_46,52
1601,1601,annotate_virome_phage_47,66
1602,1602,annotate_virome_phage_48,81
1603,1603,annotate_virome_phage_49,84
1604,1604,annotate_virome_phage_5,270
1605,1605,annotate_virome_phage_50,75
1606,1606,annotate_virome_phage_51,67
1607,1607,annotate_virome_phage_52,71
1608,1608,annotate_virome_phage_54,63
1609,1609,annotate_virome_phage_55,59
1610,1610,annotate_virome_phage_56,78
1611,1611,annotate_virome_phage_57,63
1612,1612,annotate_virome_phage_58,48
1613,1613,annotate_virome_phage_59,64
1614,1614,annotate_virome_phage_60,57
1615,1615,annotate_virome_phage_61,53
1616,1616,annotate_virome_phage_62,69
1617,1617,annotate_virome_phage_63,78
1618,1618,annotate_virome_phage_64,54
1619,1619,annotate_virome_phage_65,48
1620,1620,annotate_virome_phage_66,78
1621,1621,annotate_virome_phage_67,56
1622,1622,annotate_virome_phage_68,55
1623,1623,annotate_virome_phage_69,77
1624,1624,annotate_virome_phage_7,186
1625,1625,annotate_virome_phage_70,61
1626,1626,annotate_virome_phage_71,59
1627,1627,annotate_virome_phage_72,57
1628,1628,annotate_virome_phage_73,60
1629,1629,annotate_virome_phage_734,315
1630,1630,annotate_virome_phage_735,298
1631,1631,annotate_virome_phage_736,221
1632,1632,annotate_virome_phage_738,189
1633,1633,annotate_virome_phage_739,162
1634,1634,annotate_virome_phage_740,141
1635,1635,annotate_virome_phage_741,167
1636,1636,annotate_virome_phage_742,103
1637,1637,annotate_virome_phage_743,89
1638,1638,annotate_virome_phage_744,160
1639,1639,annotate_virome_phage_745,116
1640,1640,annotate_virome_phage_746,78
1641,1641,annotate_virome_phage_747,85
1642,1642,annotate_virome_phage_748,104
1643,1643,annotate_virome_phage_749,88
1644,1644,annotate_virome_phage_75,54
1645,1645,annotate_virome_phage_750,90
1646,1646,annotate_virome_phage_751,108
1647,1647,annotate_virome_phage_752,101
1648,1648,annotate_virome_phage_753,86
1649,1649,annotate_virome_phage_754,107
1650,1650,annotate_virome_phage_755,81
1651,1651,annotate_virome_phage_756,94
1652,1652,annotate_virome_phage_758,69
1653,1653,annotate_virome_phage_759,96
1654,1654,annotate_virome_phage_76,63
1655,1655,annotate_virome_phage_760,85
1656,1656,annotate_virome_phage_761,70
1657,1657,annotate_virome_phage_762,92
1658,1658,annotate_virome_phage_764,58
1659,1659,annotate_virome_phage_765,69
1660,1660,annotate_virome_phage_766,87
1661,1661,annotate_virome_phage_767,79
1662,1662,annotate_virome_phage_768,48
1663,1663,annotate_virome_phage_769,72
1664,1664,annotate_virome_phage_77,53
1665,1665,annotate_virome_phage_770,71
1666,1666,annotate_virome_phage_771,72
1667,1667,annotate_virome_phage_772,77
1668,1668,annotate_virome_phage_773,60
1669,1669,annotate_virome_phage_774,61
1670,1670,annotate_virome_phage_776,70
1671,1671,annotate_virome_phage_778,65
1672,1672,annotate_virome_phage_779,72
1673,1673,annotate_virome_phage_78,55
1674,1674,annotate_virome_phage_780,51
1675,1675,annotate_virome_phage_781,65
1676,1676,annotate_virome_phage_782,63
1677,1677,annotate_virome_phage_783,55
1678,1678,annotate_virome_phage_784,61
1679,1679,annotate_virome_phage_785,60
1680,1680,annotate_virome_phage_786,64
1681,1681,annotate_virome_phage_787,59
1682,1682,annotate_virome_phage_788,76
1683,1683,annotate_virome_phage_789,55
1684,1684,annotate_virome_phage_79,46
1685,1685,annotate_virome_phage_790,45
1686,1686,annotate_virome_phage_791,68
1687,1687,annotate_virome_phage_792,68
1688,1688,annotate_virome_phage_793,65
1689,1689,annotate_virome_phage_794,62
1690,1690,annotate_virome_phage_795,54
1691,1691,annotate_virome_phage_796,71
1692,1692,annotate_virome_phage_797,73
1693,1693,annotate_virome_phage_798,61
1694,1694,annotate_virome_phage_799,51
1695,1695,annotate_virome_phage_8,160
1696,1696,annotate_virome_phage_80,60
1697,1697,annotate_virome_phage_800,60
1698,1698,annotate_virome_phage_802,67
1699,1699,annotate_virome_phage_803,64
1700,1700,annotate_virome_phage_804,63
1701,1701,annotate_virome_phage_806,68
1702,1702,annotate_virome_phage_807,57
1703,1703,annotate_virome_phage_808,57
1704,1704,annotate_virome_phage_809,52
1705,1705,annotate_virome_phage_81,53
1706,1706,annotate_virome_phage_810,64
1707,1707,annotate_virome_phage_811,68
1708,1708,annotate_virome_phage_812,62
1709,1709,annotate_virome_phage_813,54
1710,1710,annotate_virome_phage_814,65
1711,1711,annotate_virome_phage_815,49
1712,1712,annotate_virome_phage_816,63
1713,1713,annotate_virome_phage_817,71
1714,1714,annotate_virome_phage_818,61
1715,1715,annotate_virome_phage_819,54
1716,1716,annotate_virome_phage_82,55
1717,1717,annotate_virome_phage_820,57
1718,1718,annotate_virome_phage_821,55
1719,1719,annotate_virome_phage_822,52
1720,1720,annotate_virome_phage_823,48
1721,1721,annotate_virome_phage_824,68
1722,1722,annotate_virome_phage_825,57
1723,1723,annotate_virome_phage_826,49
1724,1724,annotate_virome_phage_827,65
1725,1725,annotate_virome_phage_828,52
1726,1726,annotate_virome_phage_829,44
1727,1727,annotate_virome_phage_83,56
1728,1728,annotate_virome_phage_831,47
1729,1729,annotate_virome_phage_832,62
1730,1730,annotate_virome_phage_833,57
1731,1731,annotate_virome_phage_834,59
1732,1732,annotate_virome_phage_835,54
1733,1733,annotate_virome_phage_837,37
1734,1734,annotate_virome_phage_838,49
1735,1735,annotate_virome_phage_839,46
1736,1736,annotate_virome_phage_84,57
1737,1737,annotate_virome_phage_840,59
1738,1738,annotate_virome_phage_841,60
1739,1739,annotate_virome_phage_842,47
1740,1740,annotate_virome_phage_843,51
1741,1741,annotate_virome_phage_844,53
1742,1742,annotate_virome_phage_845,46
1743,1743,annotate_virome_phage_846,48
1744,1744,annotate_virome_phage_847,52
1745,1745,annotate_virome_phage_848,48
1746,1746,annotate_virome_phage_849,47
1747,1747,annotate_virome_phage_850,55
1748,1748,annotate_virome_phage_851,47
1749,1749,annotate_virome_phage_852,56
1750,1750,annotate_virome_phage_854,45
1751,1751,annotate_virome_phage_855,47
1752,1752,annotate_virome_phage_856,49
1753,1753,annotate_virome_phage_857,50
1754,1754,annotate_virome_phage_858,55
1755,1755,annotate_virome_phage_859,54
1756,1756,annotate_virome_phage_86,55
1757,1757,annotate_virome_phage_860,42
1758,1758,annotate_virome_phage_861,50
1759,1759,annotate_virome_phage_862,43
1760,1760,annotate_virome_phage_863,57
1761,1761,annotate_virome_phage_864,43
1762,1762,annotate_virome_phage_865,36
1763,1763,annotate_virome_phage_866,33
1764,1764,annotate_virome_phage_867,41
1765,1765,annotate_virome_phage_868,43
1766,1766,annotate_virome_phage_87,58
1767,1767,annotate_virome_phage_870,58
1768,1768,annotate_virome_phage_871,42
1769,1769,annotate_virome_phage_875,27
1770,1770,annotate_virome_phage_876,34
1771,1771,annotate_virome_phage_878,35
1772,1772,annotate_virome_phage_88,51
1773,1773,annotate_virome_phage_881,42
1774,1774,annotate_virome_phage_882,43
1775,1775,annotate_virome_phage_884,30
1776,1776,annotate_virome_phage_885,35
1777,1777,annotate_virome_phage_890,30
1778,1778,annotate_virome_phage_891,29
1779,1779,annotate_virome_phage_893,41
1780,1780,annotate_virome_phage_894,43
1781,1781,annotate_virome_phage_895,35
1782,1782,annotate_virome_phage_898,33
1783,1783,annotate_virome_phage_899,34
1784,1784,annotate_virome_phage_9,204
1785,1785,annotate_virome_phage_900,32
1786,1786,annotate_virome_phage_901,41
1787,1787,annotate_virome_phage_902,30
1788,1788,annotate_virome_phage_903,31
1789,1789,annotate_virome_phage_904,47
1790,1790,annotate_virome_phage_906,33
1791,1791,annotate_virome_phage_908,32
1792,1792,annotate_virome_phage_909,29
1793,1793,annotate_virome_phage_91,44
1794,1794,annotate_virome_phage_911,26
1795,1795,annotate_virome_phage_912,25
1796,1796,annotate_virome_phage_913,28
1797,1797,annotate_virome_phage_914,27
1798,1798,annotate_virome_phage_915,37
1799,1799,annotate_virome_phage_92,41
1800,1800,annotate_virome_phage_925,24
1801,1801,annotate_virome_phage_932,24
1802,1802,annotate_virome_phage_935,27
1803,1803,annotate_virome_phage_936,37
1804,1804,annotate_virome_phage_939,40
1805,1805,annotate_virome_phage_94,45
1806,1806,annotate_virome_phage_949,26
1807,1807,annotate_virome_phage_955,26
1808,1808,annotate_virome_phage_96,42
1809,1809,annotate_virome_phage_960,24
1810,1810,annotate_virome_phage_963,24
1811,1811,annotate_virome_phage_97,42
1812,1812,annotate_virome_phage_974,25
1813,1813,annotate_virome_phage_979,23
1814,1814,annotate_virome_phage_98,41
1815,1815,annotate_virome_phage_993,22
1816,1816,annotate_virome_phage_997,28
