contig_id,proteins
annotate_busby_phage_0,13
annotate_busby_phage_1,16
annotate_busby_phage_10,8
annotate_busby_phage_100,2
annotate_busby_phage_101,2
annotate_busby_phage_102,2
annotate_busby_phage_103,2
annotate_busby_phage_104,5
annotate_busby_phage_105,8
annotate_busby_phage_106,11
annotate_busby_phage_107,53
annotate_busby_phage_108,1
annotate_busby_phage_109,16
annotate_busby_phage_11,12
annotate_busby_phage_110,4
annotate_busby_phage_111,7
annotate_busby_phage_112,8
annotate_busby_phage_113,7
annotate_busby_phage_114,8
annotate_busby_phage_115,15
annotate_busby_phage_116,6
annotate_busby_phage_117,3
annotate_busby_phage_118,6
annotate_busby_phage_119,12
annotate_busby_phage_12,9
annotate_busby_phage_120,2
annotate_busby_phage_121,4
annotate_busby_phage_122,24
annotate_busby_phage_124,5
annotate_busby_phage_125,34
annotate_busby_phage_127,3
annotate_busby_phage_128,7
annotate_busby_phage_129,4
annotate_busby_phage_13,20
annotate_busby_phage_130,1
annotate_busby_phage_131,7
annotate_busby_phage_132,11
annotate_busby_phage_133,8
annotate_busby_phage_134,6
annotate_busby_phage_135,5
annotate_busby_phage_136,2
annotate_busby_phage_137,3
annotate_busby_phage_138,13
annotate_busby_phage_139,33
annotate_busby_phage_14,3
annotate_busby_phage_140,2
annotate_busby_phage_141,2
annotate_busby_phage_142,4
annotate_busby_phage_143,10
annotate_busby_phage_144,7
annotate_busby_phage_145,49
annotate_busby_phage_146,40
annotate_busby_phage_147,4
annotate_busby_phage_148,12
annotate_busby_phage_149,12
annotate_busby_phage_15,9
annotate_busby_phage_150,3
annotate_busby_phage_151,58
annotate_busby_phage_152,6
annotate_busby_phage_153,5
annotate_busby_phage_154,43
annotate_busby_phage_155,48
annotate_busby_phage_156,20
annotate_busby_phage_157,21
annotate_busby_phage_158,10
annotate_busby_phage_159,12
annotate_busby_phage_16,10
annotate_busby_phage_160,54
annotate_busby_phage_161,68
annotate_busby_phage_162,29
annotate_busby_phage_163,63
annotate_busby_phage_164,4
annotate_busby_phage_165,136
annotate_busby_phage_166,3
annotate_busby_phage_167,4
annotate_busby_phage_168,4
annotate_busby_phage_169,76
annotate_busby_phage_17,5
annotate_busby_phage_170,120
annotate_busby_phage_171,53
annotate_busby_phage_172,11
annotate_busby_phage_173,3
annotate_busby_phage_174,5
annotate_busby_phage_175,15
annotate_busby_phage_176,25
annotate_busby_phage_177,34
annotate_busby_phage_178,4
annotate_busby_phage_179,58
annotate_busby_phage_18,13
annotate_busby_phage_180,3
annotate_busby_phage_181,38
annotate_busby_phage_182,25
annotate_busby_phage_183,11
annotate_busby_phage_184,16
annotate_busby_phage_185,89
annotate_busby_phage_186,41
annotate_busby_phage_187,24
annotate_busby_phage_188,6
annotate_busby_phage_189,11
annotate_busby_phage_19,9
annotate_busby_phage_190,24
annotate_busby_phage_191,33
annotate_busby_phage_192,4
annotate_busby_phage_193,104
annotate_busby_phage_194,3
annotate_busby_phage_195,2
annotate_busby_phage_196,5
annotate_busby_phage_197,32
annotate_busby_phage_198,6
annotate_busby_phage_199,11
annotate_busby_phage_2,3
annotate_busby_phage_20,8
annotate_busby_phage_200,94
annotate_busby_phage_201,50
annotate_busby_phage_202,5
annotate_busby_phage_203,38
annotate_busby_phage_204,15
annotate_busby_phage_205,6
annotate_busby_phage_206,11
annotate_busby_phage_207,41
annotate_busby_phage_208,25
annotate_busby_phage_209,17
annotate_busby_phage_21,44
annotate_busby_phage_210,13
annotate_busby_phage_211,8
annotate_busby_phage_212,27
annotate_busby_phage_213,23
annotate_busby_phage_214,15
annotate_busby_phage_215,6
annotate_busby_phage_216,24
annotate_busby_phage_217,6
annotate_busby_phage_218,27
annotate_busby_phage_219,28
annotate_busby_phage_22,34
annotate_busby_phage_220,8
annotate_busby_phage_221,39
annotate_busby_phage_222,3
annotate_busby_phage_223,3
annotate_busby_phage_224,6
annotate_busby_phage_225,23
annotate_busby_phage_226,27
annotate_busby_phage_227,3
annotate_busby_phage_228,5
annotate_busby_phage_229,7
annotate_busby_phage_23,6
annotate_busby_phage_230,54
annotate_busby_phage_231,32
annotate_busby_phage_232,20
annotate_busby_phage_233,67
annotate_busby_phage_234,11
annotate_busby_phage_235,5
annotate_busby_phage_236,32
annotate_busby_phage_237,27
annotate_busby_phage_238,21
annotate_busby_phage_239,20
annotate_busby_phage_24,8
annotate_busby_phage_240,9
annotate_busby_phage_241,13
annotate_busby_phage_242,21
annotate_busby_phage_243,32
annotate_busby_phage_244,14
annotate_busby_phage_245,12
annotate_busby_phage_246,9
annotate_busby_phage_247,7
annotate_busby_phage_248,3
annotate_busby_phage_249,42
annotate_busby_phage_25,4
annotate_busby_phage_250,9
annotate_busby_phage_251,20
annotate_busby_phage_252,53
annotate_busby_phage_253,8
annotate_busby_phage_254,18
annotate_busby_phage_255,10
annotate_busby_phage_256,26
annotate_busby_phage_257,44
annotate_busby_phage_258,22
annotate_busby_phage_259,5
annotate_busby_phage_26,5
annotate_busby_phage_260,21
annotate_busby_phage_261,21
annotate_busby_phage_262,29
annotate_busby_phage_263,6
annotate_busby_phage_264,9
annotate_busby_phage_265,43
annotate_busby_phage_266,36
annotate_busby_phage_267,12
annotate_busby_phage_268,40
annotate_busby_phage_269,75
annotate_busby_phage_27,9
annotate_busby_phage_270,4
annotate_busby_phage_271,7
annotate_busby_phage_272,4
annotate_busby_phage_273,16
annotate_busby_phage_274,61
annotate_busby_phage_275,13
annotate_busby_phage_276,26
annotate_busby_phage_277,34
annotate_busby_phage_278,20
annotate_busby_phage_279,5
annotate_busby_phage_28,11
annotate_busby_phage_280,5
annotate_busby_phage_281,20
annotate_busby_phage_282,7
annotate_busby_phage_283,2
annotate_busby_phage_284,28
annotate_busby_phage_285,49
annotate_busby_phage_286,45
annotate_busby_phage_287,6
annotate_busby_phage_288,32
annotate_busby_phage_289,82
annotate_busby_phage_29,10
annotate_busby_phage_290,16
annotate_busby_phage_291,26
annotate_busby_phage_292,5
annotate_busby_phage_293,36
annotate_busby_phage_294,4
annotate_busby_phage_295,2
annotate_busby_phage_296,14
annotate_busby_phage_297,14
annotate_busby_phage_298,10
annotate_busby_phage_299,6
annotate_busby_phage_3,6
annotate_busby_phage_30,8
annotate_busby_phage_300,8
annotate_busby_phage_301,22
annotate_busby_phage_302,17
annotate_busby_phage_303,89
annotate_busby_phage_304,20
annotate_busby_phage_305,41
annotate_busby_phage_306,57
annotate_busby_phage_307,8
annotate_busby_phage_308,6
annotate_busby_phage_309,14
annotate_busby_phage_31,14
annotate_busby_phage_310,7
annotate_busby_phage_311,3
annotate_busby_phage_312,3
annotate_busby_phage_313,61
annotate_busby_phage_314,4
annotate_busby_phage_315,87
annotate_busby_phage_316,14
annotate_busby_phage_317,24
annotate_busby_phage_318,25
annotate_busby_phage_319,38
annotate_busby_phage_32,6
annotate_busby_phage_320,18
annotate_busby_phage_321,4
annotate_busby_phage_322,7
annotate_busby_phage_323,47
annotate_busby_phage_324,20
annotate_busby_phage_325,10
annotate_busby_phage_326,31
annotate_busby_phage_327,7
annotate_busby_phage_328,11
annotate_busby_phage_329,12
annotate_busby_phage_33,4
annotate_busby_phage_330,3
annotate_busby_phage_331,24
annotate_busby_phage_332,48
annotate_busby_phage_333,15
annotate_busby_phage_334,11
annotate_busby_phage_335,3
annotate_busby_phage_336,7
annotate_busby_phage_337,3
annotate_busby_phage_338,9
annotate_busby_phage_339,29
annotate_busby_phage_34,34
annotate_busby_phage_340,7
annotate_busby_phage_341,7
annotate_busby_phage_342,11
annotate_busby_phage_343,19
annotate_busby_phage_344,8
annotate_busby_phage_345,77
annotate_busby_phage_346,21
annotate_busby_phage_347,18
annotate_busby_phage_348,34
annotate_busby_phage_349,33
annotate_busby_phage_35,12
annotate_busby_phage_350,43
annotate_busby_phage_351,23
annotate_busby_phage_352,14
annotate_busby_phage_353,5
annotate_busby_phage_354,19
annotate_busby_phage_355,12
annotate_busby_phage_356,33
annotate_busby_phage_357,33
annotate_busby_phage_358,6
annotate_busby_phage_359,8
annotate_busby_phage_36,5
annotate_busby_phage_360,8
annotate_busby_phage_361,36
annotate_busby_phage_362,27
annotate_busby_phage_363,3
annotate_busby_phage_364,9
annotate_busby_phage_365,16
annotate_busby_phage_366,5
annotate_busby_phage_367,37
annotate_busby_phage_368,10
annotate_busby_phage_369,31
annotate_busby_phage_37,7
annotate_busby_phage_370,6
annotate_busby_phage_371,11
annotate_busby_phage_372,9
annotate_busby_phage_373,3
annotate_busby_phage_374,10
annotate_busby_phage_375,19
annotate_busby_phage_376,3
annotate_busby_phage_377,5
annotate_busby_phage_378,19
annotate_busby_phage_379,14
annotate_busby_phage_38,14
annotate_busby_phage_380,15
annotate_busby_phage_381,20
annotate_busby_phage_382,63
annotate_busby_phage_383,9
annotate_busby_phage_384,27
annotate_busby_phage_385,22
annotate_busby_phage_386,6
annotate_busby_phage_387,11
annotate_busby_phage_388,19
annotate_busby_phage_389,17
annotate_busby_phage_39,6
annotate_busby_phage_390,15
annotate_busby_phage_391,6
annotate_busby_phage_392,9
annotate_busby_phage_393,32
annotate_busby_phage_394,28
annotate_busby_phage_395,11
annotate_busby_phage_396,14
annotate_busby_phage_397,7
annotate_busby_phage_398,27
annotate_busby_phage_399,12
annotate_busby_phage_4,5
annotate_busby_phage_40,7
annotate_busby_phage_400,8
annotate_busby_phage_401,29
annotate_busby_phage_402,7
annotate_busby_phage_403,13
annotate_busby_phage_404,14
annotate_busby_phage_405,4
annotate_busby_phage_406,12
annotate_busby_phage_407,14
annotate_busby_phage_408,9
annotate_busby_phage_409,12
annotate_busby_phage_41,7
annotate_busby_phage_410,9
annotate_busby_phage_411,15
annotate_busby_phage_412,17
annotate_busby_phage_413,10
annotate_busby_phage_414,9
annotate_busby_phage_415,4
annotate_busby_phage_416,7
annotate_busby_phage_417,8
annotate_busby_phage_418,9
annotate_busby_phage_419,6
annotate_busby_phage_42,17
annotate_busby_phage_420,15
annotate_busby_phage_421,11
annotate_busby_phage_422,3
annotate_busby_phage_423,16
annotate_busby_phage_424,8
annotate_busby_phage_425,15
annotate_busby_phage_426,5
annotate_busby_phage_427,3
annotate_busby_phage_428,14
annotate_busby_phage_429,13
annotate_busby_phage_43,14
annotate_busby_phage_430,7
annotate_busby_phage_431,25
annotate_busby_phage_432,3
annotate_busby_phage_433,45
annotate_busby_phage_434,7
annotate_busby_phage_435,4
annotate_busby_phage_436,10
annotate_busby_phage_437,4
annotate_busby_phage_438,6
annotate_busby_phage_439,4
annotate_busby_phage_44,10
annotate_busby_phage_440,8
annotate_busby_phage_441,8
annotate_busby_phage_442,13
annotate_busby_phage_443,15
annotate_busby_phage_444,10
annotate_busby_phage_445,23
annotate_busby_phage_446,7
annotate_busby_phage_447,22
annotate_busby_phage_448,6
annotate_busby_phage_449,24
annotate_busby_phage_45,15
annotate_busby_phage_450,13
annotate_busby_phage_451,53
annotate_busby_phage_452,22
annotate_busby_phage_453,76
annotate_busby_phage_454,8
annotate_busby_phage_455,16
annotate_busby_phage_456,13
annotate_busby_phage_457,8
annotate_busby_phage_458,7
annotate_busby_phage_459,22
annotate_busby_phage_46,9
annotate_busby_phage_460,5
annotate_busby_phage_461,49
annotate_busby_phage_462,9
annotate_busby_phage_463,5
annotate_busby_phage_464,75
annotate_busby_phage_465,5
annotate_busby_phage_466,34
annotate_busby_phage_467,58
annotate_busby_phage_468,127
annotate_busby_phage_469,55
annotate_busby_phage_47,8
annotate_busby_phage_470,97
annotate_busby_phage_471,19
annotate_busby_phage_472,72
annotate_busby_phage_473,129
annotate_busby_phage_474,112
annotate_busby_phage_475,102
annotate_busby_phage_476,99
annotate_busby_phage_48,18
annotate_busby_phage_49,10
annotate_busby_phage_5,9
annotate_busby_phage_50,5
annotate_busby_phage_51,15
annotate_busby_phage_52,17
annotate_busby_phage_53,6
annotate_busby_phage_54,12
annotate_busby_phage_55,12
annotate_busby_phage_56,14
annotate_busby_phage_57,9
annotate_busby_phage_58,4
annotate_busby_phage_59,7
annotate_busby_phage_6,9
annotate_busby_phage_60,16
annotate_busby_phage_61,22
annotate_busby_phage_62,3
annotate_busby_phage_63,3
annotate_busby_phage_64,3
annotate_busby_phage_65,12
annotate_busby_phage_66,9
annotate_busby_phage_67,6
annotate_busby_phage_68,5
annotate_busby_phage_69,7
annotate_busby_phage_7,7
annotate_busby_phage_70,6
annotate_busby_phage_71,12
annotate_busby_phage_73,4
annotate_busby_phage_74,8
annotate_busby_phage_75,11
annotate_busby_phage_76,6
annotate_busby_phage_77,4
annotate_busby_phage_78,10
annotate_busby_phage_79,8
annotate_busby_phage_8,4
annotate_busby_phage_80,3
annotate_busby_phage_81,5
annotate_busby_phage_82,11
annotate_busby_phage_83,1
annotate_busby_phage_84,9
annotate_busby_phage_85,11
annotate_busby_phage_86,7
annotate_busby_phage_87,6
annotate_busby_phage_88,8
annotate_busby_phage_89,7
annotate_busby_phage_9,2
annotate_busby_phage_90,10
annotate_busby_phage_92,6
annotate_busby_phage_93,10
annotate_busby_phage_94,16
annotate_busby_phage_95,18
annotate_busby_phage_96,4
annotate_busby_phage_97,46
annotate_busby_phage_98,10
annotate_busby_phage_99,4
annotate_deboutte_phage_0,58
annotate_deboutte_phage_1,20
annotate_deboutte_phage_10,15
annotate_deboutte_phage_100,9
annotate_deboutte_phage_101,6
annotate_deboutte_phage_102,9
annotate_deboutte_phage_103,19
annotate_deboutte_phage_104,15
annotate_deboutte_phage_105,24
annotate_deboutte_phage_106,6
annotate_deboutte_phage_107,4
annotate_deboutte_phage_108,8
annotate_deboutte_phage_109,17
annotate_deboutte_phage_11,5
annotate_deboutte_phage_110,17
annotate_deboutte_phage_111,13
annotate_deboutte_phage_112,8
annotate_deboutte_phage_113,53
annotate_deboutte_phage_114,13
annotate_deboutte_phage_115,12
annotate_deboutte_phage_116,26
annotate_deboutte_phage_117,19
annotate_deboutte_phage_118,9
annotate_deboutte_phage_119,8
annotate_deboutte_phage_12,11
annotate_deboutte_phage_120,21
annotate_deboutte_phage_121,9
annotate_deboutte_phage_122,10
annotate_deboutte_phage_123,51
annotate_deboutte_phage_124,17
annotate_deboutte_phage_125,11
annotate_deboutte_phage_126,12
annotate_deboutte_phage_127,6
annotate_deboutte_phage_128,6
annotate_deboutte_phage_129,11
annotate_deboutte_phage_13,10
annotate_deboutte_phage_130,15
annotate_deboutte_phage_131,6
annotate_deboutte_phage_132,10
annotate_deboutte_phage_133,9
annotate_deboutte_phage_134,14
annotate_deboutte_phage_135,81
annotate_deboutte_phage_136,54
annotate_deboutte_phage_137,43
annotate_deboutte_phage_138,32
annotate_deboutte_phage_139,28
annotate_deboutte_phage_14,12
annotate_deboutte_phage_140,11
annotate_deboutte_phage_141,12
annotate_deboutte_phage_142,8
annotate_deboutte_phage_143,10
annotate_deboutte_phage_144,7
annotate_deboutte_phage_145,4
annotate_deboutte_phage_146,7
annotate_deboutte_phage_147,9
annotate_deboutte_phage_148,87
annotate_deboutte_phage_149,64
annotate_deboutte_phage_15,8
annotate_deboutte_phage_150,70
annotate_deboutte_phage_151,56
annotate_deboutte_phage_152,47
annotate_deboutte_phage_153,29
annotate_deboutte_phage_154,40
annotate_deboutte_phage_155,27
annotate_deboutte_phage_156,11
annotate_deboutte_phage_157,11
annotate_deboutte_phage_158,12
annotate_deboutte_phage_159,11
annotate_deboutte_phage_16,14
annotate_deboutte_phage_160,9
annotate_deboutte_phage_161,12
annotate_deboutte_phage_162,9
annotate_deboutte_phage_163,30
annotate_deboutte_phage_164,19
annotate_deboutte_phage_165,18
annotate_deboutte_phage_166,14
annotate_deboutte_phage_167,7
annotate_deboutte_phage_168,10
annotate_deboutte_phage_169,11
annotate_deboutte_phage_17,4
annotate_deboutte_phage_170,4
annotate_deboutte_phage_171,8
annotate_deboutte_phage_172,5
annotate_deboutte_phage_173,12
annotate_deboutte_phage_174,49
annotate_deboutte_phage_175,2
annotate_deboutte_phage_176,11
annotate_deboutte_phage_177,8
annotate_deboutte_phage_178,271
annotate_deboutte_phage_179,70
annotate_deboutte_phage_18,9
annotate_deboutte_phage_180,93
annotate_deboutte_phage_181,68
annotate_deboutte_phage_182,83
annotate_deboutte_phage_183,53
annotate_deboutte_phage_184,61
annotate_deboutte_phage_185,75
annotate_deboutte_phage_186,75
annotate_deboutte_phage_187,53
annotate_deboutte_phage_188,73
annotate_deboutte_phage_189,63
annotate_deboutte_phage_19,7
annotate_deboutte_phage_190,50
annotate_deboutte_phage_191,40
annotate_deboutte_phage_192,54
annotate_deboutte_phage_193,50
annotate_deboutte_phage_194,32
annotate_deboutte_phage_195,50
annotate_deboutte_phage_196,42
annotate_deboutte_phage_197,57
annotate_deboutte_phage_198,53
annotate_deboutte_phage_199,54
annotate_deboutte_phage_2,18
annotate_deboutte_phage_20,9
annotate_deboutte_phage_200,23
annotate_deboutte_phage_201,29
annotate_deboutte_phage_202,41
annotate_deboutte_phage_203,34
annotate_deboutte_phage_204,19
annotate_deboutte_phage_205,26
annotate_deboutte_phage_206,29
annotate_deboutte_phage_207,35
annotate_deboutte_phage_208,21
annotate_deboutte_phage_209,23
annotate_deboutte_phage_21,8
annotate_deboutte_phage_210,27
annotate_deboutte_phage_211,38
annotate_deboutte_phage_212,27
annotate_deboutte_phage_213,21
annotate_deboutte_phage_214,33
annotate_deboutte_phage_215,36
annotate_deboutte_phage_216,32
annotate_deboutte_phage_217,22
annotate_deboutte_phage_218,24
annotate_deboutte_phage_219,14
annotate_deboutte_phage_22,10
annotate_deboutte_phage_220,20
annotate_deboutte_phage_221,22
annotate_deboutte_phage_222,33
annotate_deboutte_phage_223,30
annotate_deboutte_phage_224,22
annotate_deboutte_phage_225,18
annotate_deboutte_phage_226,24
annotate_deboutte_phage_227,14
annotate_deboutte_phage_228,18
annotate_deboutte_phage_229,25
annotate_deboutte_phage_23,6
annotate_deboutte_phage_230,29
annotate_deboutte_phage_231,16
annotate_deboutte_phage_232,23
annotate_deboutte_phage_233,12
annotate_deboutte_phage_234,19
annotate_deboutte_phage_235,15
annotate_deboutte_phage_236,23
annotate_deboutte_phage_237,20
annotate_deboutte_phage_238,26
annotate_deboutte_phage_239,14
annotate_deboutte_phage_24,7
annotate_deboutte_phage_240,13
annotate_deboutte_phage_241,23
annotate_deboutte_phage_242,26
annotate_deboutte_phage_243,14
annotate_deboutte_phage_244,18
annotate_deboutte_phage_245,13
annotate_deboutte_phage_246,8
annotate_deboutte_phage_247,26
annotate_deboutte_phage_248,18
annotate_deboutte_phage_249,9
annotate_deboutte_phage_25,9
annotate_deboutte_phage_250,17
annotate_deboutte_phage_251,17
annotate_deboutte_phage_252,16
annotate_deboutte_phage_253,29
annotate_deboutte_phage_254,18
annotate_deboutte_phage_255,13
annotate_deboutte_phage_256,8
annotate_deboutte_phage_257,15
annotate_deboutte_phage_258,7
annotate_deboutte_phage_259,19
annotate_deboutte_phage_26,3
annotate_deboutte_phage_260,11
annotate_deboutte_phage_261,7
annotate_deboutte_phage_262,7
annotate_deboutte_phage_263,24
annotate_deboutte_phage_264,9
annotate_deboutte_phage_265,13
annotate_deboutte_phage_266,15
annotate_deboutte_phage_267,10
annotate_deboutte_phage_268,18
annotate_deboutte_phage_269,16
annotate_deboutte_phage_27,5
annotate_deboutte_phage_270,12
annotate_deboutte_phage_271,24
annotate_deboutte_phage_272,19
annotate_deboutte_phage_273,11
annotate_deboutte_phage_274,10
annotate_deboutte_phage_275,8
annotate_deboutte_phage_276,8
annotate_deboutte_phage_277,10
annotate_deboutte_phage_278,14
annotate_deboutte_phage_279,8
annotate_deboutte_phage_28,8
annotate_deboutte_phage_280,12
annotate_deboutte_phage_281,5
annotate_deboutte_phage_282,10
annotate_deboutte_phage_283,15
annotate_deboutte_phage_284,17
annotate_deboutte_phage_285,11
annotate_deboutte_phage_286,20
annotate_deboutte_phage_287,11
annotate_deboutte_phage_288,21
annotate_deboutte_phage_289,9
annotate_deboutte_phage_29,11
annotate_deboutte_phage_290,5
annotate_deboutte_phage_291,23
annotate_deboutte_phage_292,18
annotate_deboutte_phage_293,13
annotate_deboutte_phage_294,9
annotate_deboutte_phage_295,6
annotate_deboutte_phage_296,14
annotate_deboutte_phage_297,5
annotate_deboutte_phage_298,6
annotate_deboutte_phage_299,7
annotate_deboutte_phage_3,15
annotate_deboutte_phage_30,11
annotate_deboutte_phage_300,19
annotate_deboutte_phage_301,14
annotate_deboutte_phage_302,16
annotate_deboutte_phage_303,3
annotate_deboutte_phage_304,8
annotate_deboutte_phage_305,2
annotate_deboutte_phage_306,16
annotate_deboutte_phage_307,10
annotate_deboutte_phage_308,11
annotate_deboutte_phage_309,18
annotate_deboutte_phage_31,11
annotate_deboutte_phage_310,16
annotate_deboutte_phage_311,13
annotate_deboutte_phage_312,6
annotate_deboutte_phage_313,8
annotate_deboutte_phage_314,11
annotate_deboutte_phage_315,5
annotate_deboutte_phage_316,8
annotate_deboutte_phage_317,7
annotate_deboutte_phage_318,11
annotate_deboutte_phage_319,14
annotate_deboutte_phage_32,38
annotate_deboutte_phage_320,15
annotate_deboutte_phage_321,10
annotate_deboutte_phage_322,7
annotate_deboutte_phage_323,6
annotate_deboutte_phage_324,12
annotate_deboutte_phage_325,9
annotate_deboutte_phage_326,16
annotate_deboutte_phage_327,8
annotate_deboutte_phage_328,6
annotate_deboutte_phage_329,6
annotate_deboutte_phage_33,18
annotate_deboutte_phage_330,6
annotate_deboutte_phage_331,10
annotate_deboutte_phage_332,5
annotate_deboutte_phage_333,16
annotate_deboutte_phage_334,5
annotate_deboutte_phage_335,12
annotate_deboutte_phage_336,9
annotate_deboutte_phage_337,11
annotate_deboutte_phage_338,7
annotate_deboutte_phage_339,15
annotate_deboutte_phage_34,22
annotate_deboutte_phage_340,7
annotate_deboutte_phage_341,10
annotate_deboutte_phage_342,7
annotate_deboutte_phage_343,4
annotate_deboutte_phage_344,8
annotate_deboutte_phage_345,4
annotate_deboutte_phage_346,5
annotate_deboutte_phage_347,10
annotate_deboutte_phage_348,11
annotate_deboutte_phage_349,5
annotate_deboutte_phage_35,23
annotate_deboutte_phage_350,6
annotate_deboutte_phage_351,7
annotate_deboutte_phage_352,6
annotate_deboutte_phage_353,6
annotate_deboutte_phage_354,4
annotate_deboutte_phage_355,14
annotate_deboutte_phage_356,7
annotate_deboutte_phage_357,5
annotate_deboutte_phage_358,8
annotate_deboutte_phage_359,4
annotate_deboutte_phage_36,11
annotate_deboutte_phage_360,3
annotate_deboutte_phage_361,11
annotate_deboutte_phage_362,3
annotate_deboutte_phage_363,15
annotate_deboutte_phage_364,8
annotate_deboutte_phage_365,15
annotate_deboutte_phage_366,18
annotate_deboutte_phage_367,5
annotate_deboutte_phage_368,12
annotate_deboutte_phage_369,50
annotate_deboutte_phage_37,11
annotate_deboutte_phage_370,49
annotate_deboutte_phage_371,21
annotate_deboutte_phage_372,37
annotate_deboutte_phage_373,16
annotate_deboutte_phage_374,16
annotate_deboutte_phage_375,18
annotate_deboutte_phage_376,27
annotate_deboutte_phage_377,16
annotate_deboutte_phage_378,10
annotate_deboutte_phage_379,12
annotate_deboutte_phage_38,9
annotate_deboutte_phage_380,5
annotate_deboutte_phage_381,11
annotate_deboutte_phage_382,4
annotate_deboutte_phage_383,4
annotate_deboutte_phage_384,9
annotate_deboutte_phage_385,4
annotate_deboutte_phage_386,8
annotate_deboutte_phage_387,6
annotate_deboutte_phage_388,7
annotate_deboutte_phage_389,7
annotate_deboutte_phage_39,16
annotate_deboutte_phage_390,50
annotate_deboutte_phage_391,43
annotate_deboutte_phage_392,30
annotate_deboutte_phage_393,23
annotate_deboutte_phage_394,16
annotate_deboutte_phage_395,9
annotate_deboutte_phage_396,8
annotate_deboutte_phage_397,11
annotate_deboutte_phage_398,8
annotate_deboutte_phage_399,23
annotate_deboutte_phage_4,20
annotate_deboutte_phage_40,4
annotate_deboutte_phage_400,9
annotate_deboutte_phage_401,20
annotate_deboutte_phage_402,21
annotate_deboutte_phage_403,10
annotate_deboutte_phage_404,4
annotate_deboutte_phage_405,8
annotate_deboutte_phage_406,13
annotate_deboutte_phage_407,9
annotate_deboutte_phage_408,8
annotate_deboutte_phage_409,9
annotate_deboutte_phage_41,10
annotate_deboutte_phage_410,6
annotate_deboutte_phage_411,12
annotate_deboutte_phage_412,7
annotate_deboutte_phage_413,6
annotate_deboutte_phage_414,11
annotate_deboutte_phage_415,4
annotate_deboutte_phage_416,10
annotate_deboutte_phage_417,9
annotate_deboutte_phage_418,74
annotate_deboutte_phage_419,62
annotate_deboutte_phage_42,5
annotate_deboutte_phage_420,67
annotate_deboutte_phage_421,60
annotate_deboutte_phage_422,60
annotate_deboutte_phage_423,46
annotate_deboutte_phage_424,54
annotate_deboutte_phage_425,29
annotate_deboutte_phage_426,36
annotate_deboutte_phage_427,35
annotate_deboutte_phage_428,35
annotate_deboutte_phage_429,30
annotate_deboutte_phage_43,6
annotate_deboutte_phage_430,29
annotate_deboutte_phage_431,22
annotate_deboutte_phage_432,17
annotate_deboutte_phage_433,32
annotate_deboutte_phage_434,34
annotate_deboutte_phage_435,16
annotate_deboutte_phage_436,21
annotate_deboutte_phage_437,18
annotate_deboutte_phage_438,15
annotate_deboutte_phage_439,26
annotate_deboutte_phage_44,6
annotate_deboutte_phage_440,10
annotate_deboutte_phage_441,12
annotate_deboutte_phage_442,13
annotate_deboutte_phage_443,11
annotate_deboutte_phage_444,10
annotate_deboutte_phage_445,10
annotate_deboutte_phage_446,12
annotate_deboutte_phage_447,19
annotate_deboutte_phage_448,13
annotate_deboutte_phage_449,19
annotate_deboutte_phage_45,7
annotate_deboutte_phage_450,9
annotate_deboutte_phage_451,20
annotate_deboutte_phage_452,14
annotate_deboutte_phage_453,9
annotate_deboutte_phage_454,16
annotate_deboutte_phage_455,11
annotate_deboutte_phage_456,10
annotate_deboutte_phage_457,9
annotate_deboutte_phage_458,11
annotate_deboutte_phage_459,12
annotate_deboutte_phage_46,2
annotate_deboutte_phage_460,4
annotate_deboutte_phage_461,15
annotate_deboutte_phage_462,6
annotate_deboutte_phage_463,10
annotate_deboutte_phage_464,7
annotate_deboutte_phage_465,9
annotate_deboutte_phage_466,13
annotate_deboutte_phage_467,7
annotate_deboutte_phage_468,13
annotate_deboutte_phage_469,41
annotate_deboutte_phage_47,38
annotate_deboutte_phage_470,64
annotate_deboutte_phage_471,46
annotate_deboutte_phage_472,15
annotate_deboutte_phage_473,14
annotate_deboutte_phage_474,11
annotate_deboutte_phage_475,8
annotate_deboutte_phage_476,12
annotate_deboutte_phage_477,9
annotate_deboutte_phage_478,12
annotate_deboutte_phage_479,10
annotate_deboutte_phage_48,7
annotate_deboutte_phage_480,9
annotate_deboutte_phage_481,7
annotate_deboutte_phage_482,10
annotate_deboutte_phage_483,9
annotate_deboutte_phage_484,70
annotate_deboutte_phage_485,22
annotate_deboutte_phage_486,27
annotate_deboutte_phage_487,17
annotate_deboutte_phage_488,13
annotate_deboutte_phage_489,11
annotate_deboutte_phage_49,9
annotate_deboutte_phage_490,10
annotate_deboutte_phage_491,8
annotate_deboutte_phage_492,40
annotate_deboutte_phage_493,44
annotate_deboutte_phage_494,8
annotate_deboutte_phage_495,22
annotate_deboutte_phage_496,12
annotate_deboutte_phage_497,8
annotate_deboutte_phage_498,7
annotate_deboutte_phage_499,9
annotate_deboutte_phage_5,14
annotate_deboutte_phage_50,13
annotate_deboutte_phage_500,7
annotate_deboutte_phage_501,12
annotate_deboutte_phage_502,10
annotate_deboutte_phage_503,12
annotate_deboutte_phage_504,4
annotate_deboutte_phage_505,53
annotate_deboutte_phage_506,38
annotate_deboutte_phage_507,11
annotate_deboutte_phage_508,21
annotate_deboutte_phage_509,13
annotate_deboutte_phage_51,62
annotate_deboutte_phage_510,7
annotate_deboutte_phage_511,89
annotate_deboutte_phage_512,38
annotate_deboutte_phage_513,7
annotate_deboutte_phage_514,7
annotate_deboutte_phage_515,187
annotate_deboutte_phage_516,23
annotate_deboutte_phage_517,26
annotate_deboutte_phage_518,18
annotate_deboutte_phage_519,21
annotate_deboutte_phage_52,62
annotate_deboutte_phage_520,16
annotate_deboutte_phage_521,13
annotate_deboutte_phage_522,13
annotate_deboutte_phage_523,14
annotate_deboutte_phage_524,12
annotate_deboutte_phage_525,13
annotate_deboutte_phage_526,7
annotate_deboutte_phage_527,12
annotate_deboutte_phage_528,8
annotate_deboutte_phage_529,3
annotate_deboutte_phage_53,34
annotate_deboutte_phage_530,7
annotate_deboutte_phage_531,12
annotate_deboutte_phage_532,10
annotate_deboutte_phage_533,9
annotate_deboutte_phage_534,19
annotate_deboutte_phage_535,13
annotate_deboutte_phage_536,9
annotate_deboutte_phage_54,8
annotate_deboutte_phage_55,20
annotate_deboutte_phage_56,26
annotate_deboutte_phage_57,14
annotate_deboutte_phage_58,13
annotate_deboutte_phage_59,10
annotate_deboutte_phage_6,25
annotate_deboutte_phage_60,14
annotate_deboutte_phage_61,6
annotate_deboutte_phage_62,13
annotate_deboutte_phage_63,15
annotate_deboutte_phage_64,9
annotate_deboutte_phage_65,5
annotate_deboutte_phage_66,3
annotate_deboutte_phage_67,12
annotate_deboutte_phage_68,7
annotate_deboutte_phage_69,7
annotate_deboutte_phage_7,15
annotate_deboutte_phage_70,9
annotate_deboutte_phage_71,5
annotate_deboutte_phage_72,8
annotate_deboutte_phage_73,13
annotate_deboutte_phage_74,7
annotate_deboutte_phage_75,10
annotate_deboutte_phage_76,16
annotate_deboutte_phage_77,7
annotate_deboutte_phage_78,13
annotate_deboutte_phage_79,10
annotate_deboutte_phage_8,17
annotate_deboutte_phage_80,16
annotate_deboutte_phage_81,29
annotate_deboutte_phage_82,6
annotate_deboutte_phage_83,10
annotate_deboutte_phage_84,12
annotate_deboutte_phage_85,8
annotate_deboutte_phage_86,60
annotate_deboutte_phage_87,13
annotate_deboutte_phage_88,31
annotate_deboutte_phage_89,52
annotate_deboutte_phage_9,13
annotate_deboutte_phage_90,28
annotate_deboutte_phage_91,23
annotate_deboutte_phage_92,29
annotate_deboutte_phage_93,17
annotate_deboutte_phage_94,14
annotate_deboutte_phage_95,7
annotate_deboutte_phage_96,16
annotate_deboutte_phage_97,16
annotate_deboutte_phage_98,8
annotate_deboutte_phage_99,16
annotate_rosso_phage_0,23
annotate_rosso_phage_1,23
annotate_rosso_phage_10,17
annotate_rosso_phage_100,16
annotate_rosso_phage_101,10
annotate_rosso_phage_102,17
annotate_rosso_phage_103,22
annotate_rosso_phage_104,6
annotate_rosso_phage_105,13
annotate_rosso_phage_106,18
annotate_rosso_phage_107,56
annotate_rosso_phage_108,13
annotate_rosso_phage_109,20
annotate_rosso_phage_11,23
annotate_rosso_phage_110,19
annotate_rosso_phage_111,80
annotate_rosso_phage_112,91
annotate_rosso_phage_113,15
annotate_rosso_phage_114,9
annotate_rosso_phage_115,9
annotate_rosso_phage_116,13
annotate_rosso_phage_117,15
annotate_rosso_phage_118,17
annotate_rosso_phage_119,12
annotate_rosso_phage_12,66
annotate_rosso_phage_120,68
annotate_rosso_phage_121,22
annotate_rosso_phage_122,23
annotate_rosso_phage_123,23
annotate_rosso_phage_124,16
annotate_rosso_phage_125,25
annotate_rosso_phage_126,10
annotate_rosso_phage_127,15
annotate_rosso_phage_128,26
annotate_rosso_phage_129,21
annotate_rosso_phage_13,8
annotate_rosso_phage_130,14
annotate_rosso_phage_131,14
annotate_rosso_phage_132,14
annotate_rosso_phage_133,21
annotate_rosso_phage_134,12
annotate_rosso_phage_135,18
annotate_rosso_phage_136,26
annotate_rosso_phage_137,25
annotate_rosso_phage_138,20
annotate_rosso_phage_139,16
annotate_rosso_phage_14,14
annotate_rosso_phage_140,21
annotate_rosso_phage_141,22
annotate_rosso_phage_142,9
annotate_rosso_phage_143,11
annotate_rosso_phage_144,14
annotate_rosso_phage_145,8
annotate_rosso_phage_146,7
annotate_rosso_phage_147,28
annotate_rosso_phage_148,12
annotate_rosso_phage_149,12
annotate_rosso_phage_15,17
annotate_rosso_phage_150,12
annotate_rosso_phage_151,9
annotate_rosso_phage_152,14
annotate_rosso_phage_153,44
annotate_rosso_phage_154,77
annotate_rosso_phage_155,15
annotate_rosso_phage_156,24
annotate_rosso_phage_157,48
annotate_rosso_phage_158,15
annotate_rosso_phage_159,10
annotate_rosso_phage_16,33
annotate_rosso_phage_160,10
annotate_rosso_phage_161,38
annotate_rosso_phage_162,33
annotate_rosso_phage_163,15
annotate_rosso_phage_164,9
annotate_rosso_phage_165,13
annotate_rosso_phage_166,13
annotate_rosso_phage_167,50
annotate_rosso_phage_168,13
annotate_rosso_phage_169,8
annotate_rosso_phage_17,12
annotate_rosso_phage_170,8
annotate_rosso_phage_171,9
annotate_rosso_phage_172,10
annotate_rosso_phage_173,13
annotate_rosso_phage_174,8
annotate_rosso_phage_175,16
annotate_rosso_phage_176,15
annotate_rosso_phage_177,7
annotate_rosso_phage_178,11
annotate_rosso_phage_179,11
annotate_rosso_phage_18,20
annotate_rosso_phage_180,5
annotate_rosso_phage_181,16
annotate_rosso_phage_182,27
annotate_rosso_phage_183,14
annotate_rosso_phage_184,19
annotate_rosso_phage_185,18
annotate_rosso_phage_186,12
annotate_rosso_phage_187,18
annotate_rosso_phage_188,27
annotate_rosso_phage_189,6
annotate_rosso_phage_19,15
annotate_rosso_phage_190,10
annotate_rosso_phage_191,25
annotate_rosso_phage_192,7
annotate_rosso_phage_193,14
annotate_rosso_phage_194,11
annotate_rosso_phage_195,58
annotate_rosso_phage_196,11
annotate_rosso_phage_197,13
annotate_rosso_phage_2,24
annotate_rosso_phage_20,14
annotate_rosso_phage_21,13
annotate_rosso_phage_22,16
annotate_rosso_phage_23,25
annotate_rosso_phage_24,58
annotate_rosso_phage_25,19
annotate_rosso_phage_26,9
annotate_rosso_phage_27,5
annotate_rosso_phage_28,33
annotate_rosso_phage_29,75
annotate_rosso_phage_3,62
annotate_rosso_phage_30,12
annotate_rosso_phage_31,34
annotate_rosso_phage_32,33
annotate_rosso_phage_33,20
annotate_rosso_phage_34,18
annotate_rosso_phage_35,16
annotate_rosso_phage_36,51
annotate_rosso_phage_37,24
annotate_rosso_phage_38,30
annotate_rosso_phage_39,78
annotate_rosso_phage_4,67
annotate_rosso_phage_40,66
annotate_rosso_phage_41,19
annotate_rosso_phage_42,15
annotate_rosso_phage_43,18
annotate_rosso_phage_44,20
annotate_rosso_phage_45,18
annotate_rosso_phage_46,23
annotate_rosso_phage_47,13
annotate_rosso_phage_48,20
annotate_rosso_phage_49,22
annotate_rosso_phage_5,42
annotate_rosso_phage_50,10
annotate_rosso_phage_51,9
annotate_rosso_phage_52,17
annotate_rosso_phage_53,21
annotate_rosso_phage_54,12
annotate_rosso_phage_55,42
annotate_rosso_phage_56,47
annotate_rosso_phage_57,42
annotate_rosso_phage_58,38
annotate_rosso_phage_59,12
annotate_rosso_phage_6,46
annotate_rosso_phage_60,52
annotate_rosso_phage_61,24
annotate_rosso_phage_62,11
annotate_rosso_phage_63,22
annotate_rosso_phage_64,42
annotate_rosso_phage_65,27
annotate_rosso_phage_66,14
annotate_rosso_phage_67,10
annotate_rosso_phage_68,18
annotate_rosso_phage_69,47
annotate_rosso_phage_7,23
annotate_rosso_phage_70,16
annotate_rosso_phage_71,19
annotate_rosso_phage_72,12
annotate_rosso_phage_73,16
annotate_rosso_phage_74,14
annotate_rosso_phage_75,14
annotate_rosso_phage_76,9
annotate_rosso_phage_77,11
annotate_rosso_phage_78,16
annotate_rosso_phage_79,11
annotate_rosso_phage_8,11
annotate_rosso_phage_80,20
annotate_rosso_phage_81,9
annotate_rosso_phage_82,11
annotate_rosso_phage_83,16
annotate_rosso_phage_84,17
annotate_rosso_phage_85,17
annotate_rosso_phage_86,15
annotate_rosso_phage_87,18
annotate_rosso_phage_88,20
annotate_rosso_phage_89,20
annotate_rosso_phage_9,23
annotate_rosso_phage_90,24
annotate_rosso_phage_91,19
annotate_rosso_phage_92,19
annotate_rosso_phage_93,18
annotate_rosso_phage_94,16
annotate_rosso_phage_95,10
annotate_rosso_phage_96,25
annotate_rosso_phage_97,18
annotate_rosso_phage_98,56
annotate_rosso_phage_99,11
annotate_total_phage_0,67
annotate_total_phage_1,72
annotate_total_phage_100,48
annotate_total_phage_102,55
annotate_total_phage_104,55
annotate_total_phage_105,45
annotate_total_phage_106,47
annotate_total_phage_11,31
annotate_total_phage_111,129
annotate_total_phage_112,85
annotate_total_phage_113,71
annotate_total_phage_114,63
annotate_total_phage_115,55
annotate_total_phage_116,58
annotate_total_phage_117,43
annotate_total_phage_118,45
annotate_total_phage_12,27
annotate_total_phage_121,31
annotate_total_phage_122,29
annotate_total_phage_123,27
annotate_total_phage_125,24
annotate_total_phage_172,47
annotate_total_phage_174,20
annotate_total_phage_175,55
annotate_total_phage_176,15
annotate_total_phage_178,41
annotate_total_phage_179,48
annotate_total_phage_18,22
annotate_total_phage_187,60
annotate_total_phage_188,64
annotate_total_phage_189,54
annotate_total_phage_2,55
annotate_total_phage_231,130
annotate_total_phage_232,72
annotate_total_phage_233,113
annotate_total_phage_237,25
annotate_total_phage_239,37
annotate_total_phage_240,41
annotate_total_phage_242,57
annotate_total_phage_243,36
annotate_total_phage_244,54
annotate_total_phage_245,44
annotate_total_phage_246,39
annotate_total_phage_247,34
annotate_total_phage_248,33
annotate_total_phage_249,21
annotate_total_phage_252,23
annotate_total_phage_254,18
annotate_total_phage_293,59
annotate_total_phage_294,73
annotate_total_phage_296,27
annotate_total_phage_297,55
annotate_total_phage_298,62
annotate_total_phage_299,52
annotate_total_phage_3,48
annotate_total_phage_303,58
annotate_total_phage_304,42
annotate_total_phage_305,43
annotate_total_phage_306,44
annotate_total_phage_307,37
annotate_total_phage_308,38
annotate_total_phage_357,31
annotate_total_phage_358,62
annotate_total_phage_360,54
annotate_total_phage_361,47
annotate_total_phage_362,82
annotate_total_phage_363,36
annotate_total_phage_364,36
annotate_total_phage_366,28
annotate_total_phage_368,59
annotate_total_phage_369,48
annotate_total_phage_370,36
annotate_total_phage_371,31
annotate_total_phage_4,57
annotate_total_phage_413,195
annotate_total_phage_414,78
annotate_total_phage_415,70
annotate_total_phage_416,56
annotate_total_phage_417,51
annotate_total_phage_418,44
annotate_total_phage_437,45
annotate_total_phage_443,18
annotate_total_phage_445,55
annotate_total_phage_446,30
annotate_total_phage_449,23
annotate_total_phage_451,31
annotate_total_phage_453,30
annotate_total_phage_454,29
annotate_total_phage_462,9
annotate_total_phage_471,7
annotate_total_phage_478,50
annotate_total_phage_479,64
annotate_total_phage_483,33
annotate_total_phage_487,13
annotate_total_phage_488,11
annotate_total_phage_497,58
annotate_total_phage_5,44
annotate_total_phage_500,105
annotate_total_phage_501,26
annotate_total_phage_512,7
annotate_total_phage_517,8
annotate_total_phage_518,63
annotate_total_phage_520,23
annotate_total_phage_524,73
annotate_total_phage_525,47
annotate_total_phage_526,31
annotate_total_phage_600,28
annotate_total_phage_604,70
annotate_total_phage_605,41
annotate_total_phage_609,6
annotate_total_phage_611,11
annotate_total_phage_616,6
annotate_total_phage_636,50
annotate_total_phage_637,50
annotate_total_phage_638,25
annotate_total_phage_639,24
annotate_total_phage_644,21
annotate_total_phage_650,7
annotate_total_phage_653,68
annotate_total_phage_655,38
annotate_total_phage_658,73
annotate_total_phage_663,56
annotate_total_phage_664,32
annotate_total_phage_666,21
annotate_total_phage_692,62
annotate_total_phage_694,27
annotate_total_phage_696,22
annotate_total_phage_697,47
annotate_total_phage_711,8
annotate_total_phage_713,8
annotate_total_phage_715,6
annotate_total_phage_725,58
annotate_total_phage_727,44
annotate_total_phage_729,173
annotate_total_phage_730,195
annotate_total_phage_731,144
annotate_total_phage_733,64
annotate_total_phage_734,63
annotate_total_phage_735,59
annotate_total_phage_737,60
annotate_total_phage_738,47
annotate_total_phage_739,41
annotate_total_phage_743,22
annotate_total_phage_745,24
annotate_total_phage_782,34
annotate_total_phage_783,46
annotate_total_phage_785,18
annotate_total_phage_786,65
annotate_total_phage_787,30
annotate_total_phage_788,56
annotate_total_phage_789,30
annotate_total_phage_790,109
annotate_total_phage_791,49
annotate_total_phage_793,71
annotate_total_phage_794,52
annotate_total_phage_795,59
annotate_total_phage_796,56
annotate_total_phage_797,47
annotate_total_phage_798,47
annotate_total_phage_799,46
annotate_total_phage_8,42
annotate_total_phage_800,50
annotate_total_phage_803,40
annotate_total_phage_804,38
annotate_total_phage_806,36
annotate_total_phage_807,40
annotate_total_phage_808,26
annotate_total_phage_809,23
annotate_total_phage_820,15
annotate_total_phage_9,45
annotate_total_phage_92,155
annotate_total_phage_925,63
annotate_total_phage_926,99
annotate_total_phage_927,244
annotate_total_phage_929,24
annotate_total_phage_930,28
annotate_total_phage_934,48
annotate_total_phage_935,26
annotate_total_phage_95,114
annotate_total_phage_98,42
annotate_total_phage_99,30
annotate_virome_phage_1,215
annotate_virome_phage_10,146
annotate_virome_phage_1004,18
annotate_virome_phage_1006,18
annotate_virome_phage_101,34
annotate_virome_phage_1032,15
annotate_virome_phage_1033,17
annotate_virome_phage_104,38
annotate_virome_phage_1061,17
annotate_virome_phage_1063,21
annotate_virome_phage_107,41
annotate_virome_phage_1077,14
annotate_virome_phage_1082,15
annotate_virome_phage_109,50
annotate_virome_phage_1092,14
annotate_virome_phage_11,155
annotate_virome_phage_110,43
annotate_virome_phage_1109,16
annotate_virome_phage_1117,16
annotate_virome_phage_112,30
annotate_virome_phage_1131,15
annotate_virome_phage_1142,13
annotate_virome_phage_115,34
annotate_virome_phage_1154,12
annotate_virome_phage_1155,17
annotate_virome_phage_116,34
annotate_virome_phage_117,24
annotate_virome_phage_118,46
annotate_virome_phage_119,31
annotate_virome_phage_1199,12
annotate_virome_phage_12,207
annotate_virome_phage_120,27
annotate_virome_phage_1217,13
annotate_virome_phage_123,30
annotate_virome_phage_1236,10
annotate_virome_phage_124,48
annotate_virome_phage_127,33
annotate_virome_phage_1279,13
annotate_virome_phage_1286,10
annotate_virome_phage_14,149
annotate_virome_phage_1411,9
annotate_virome_phage_142,22
annotate_virome_phage_144,22
annotate_virome_phage_1446,7
annotate_virome_phage_145,17
annotate_virome_phage_1467,9
annotate_virome_phage_15,184
annotate_virome_phage_1507,8
annotate_virome_phage_151,27
annotate_virome_phage_152,21
annotate_virome_phage_153,19
annotate_virome_phage_154,26
annotate_virome_phage_1541,10
annotate_virome_phage_155,19
annotate_virome_phage_1565,8
annotate_virome_phage_158,25
annotate_virome_phage_16,149
annotate_virome_phage_160,25
annotate_virome_phage_164,23
annotate_virome_phage_1668,9
annotate_virome_phage_1675,9
annotate_virome_phage_17,106
annotate_virome_phage_172,23
annotate_virome_phage_176,22
annotate_virome_phage_177,20
annotate_virome_phage_1770,8
annotate_virome_phage_1784,6
annotate_virome_phage_18,85
annotate_virome_phage_181,21
annotate_virome_phage_1813,8
annotate_virome_phage_183,20
annotate_virome_phage_1849,11
annotate_virome_phage_1873,7
annotate_virome_phage_189,19
annotate_virome_phage_19,103
annotate_virome_phage_191,19
annotate_virome_phage_193,21
annotate_virome_phage_196,21
annotate_virome_phage_2,247
annotate_virome_phage_201,19
annotate_virome_phage_202,17
annotate_virome_phage_21,97
annotate_virome_phage_219,18
annotate_virome_phage_22,82
annotate_virome_phage_2235,40
annotate_virome_phage_2237,21
annotate_virome_phage_2238,94
annotate_virome_phage_2239,45
annotate_virome_phage_2243,21
annotate_virome_phage_2254,168
annotate_virome_phage_2255,72
annotate_virome_phage_2259,20
annotate_virome_phage_2260,22
annotate_virome_phage_2263,12
annotate_virome_phage_2268,4
annotate_virome_phage_2269,452
annotate_virome_phage_2270,297
annotate_virome_phage_2272,184
annotate_virome_phage_2274,98
annotate_virome_phage_2275,81
annotate_virome_phage_2278,76
annotate_virome_phage_2280,78
annotate_virome_phage_2281,100
annotate_virome_phage_2282,92
annotate_virome_phage_2285,66
annotate_virome_phage_2286,73
annotate_virome_phage_2288,69
annotate_virome_phage_2290,75
annotate_virome_phage_2291,76
annotate_virome_phage_2292,72
annotate_virome_phage_2293,67
annotate_virome_phage_2294,66
annotate_virome_phage_2295,85
annotate_virome_phage_2296,70
annotate_virome_phage_2297,64
annotate_virome_phage_2298,65
annotate_virome_phage_2299,66
annotate_virome_phage_23,103
annotate_virome_phage_2300,60
annotate_virome_phage_2301,64
annotate_virome_phage_2303,63
annotate_virome_phage_2304,60
annotate_virome_phage_2305,57
annotate_virome_phage_2306,53
annotate_virome_phage_2308,56
annotate_virome_phage_2310,53
annotate_virome_phage_2312,62
annotate_virome_phage_2313,52
annotate_virome_phage_2314,60
annotate_virome_phage_2315,52
annotate_virome_phage_2319,42
annotate_virome_phage_2320,50
annotate_virome_phage_2322,59
annotate_virome_phage_2323,47
annotate_virome_phage_2324,45
annotate_virome_phage_2325,46
annotate_virome_phage_2327,53
annotate_virome_phage_2328,54
annotate_virome_phage_2329,40
annotate_virome_phage_2330,50
annotate_virome_phage_2333,45
annotate_virome_phage_2335,34
annotate_virome_phage_2339,37
annotate_virome_phage_2342,38
annotate_virome_phage_2343,45
annotate_virome_phage_2345,28
annotate_virome_phage_2346,38
annotate_virome_phage_2347,27
annotate_virome_phage_235,15
annotate_virome_phage_2350,34
annotate_virome_phage_2353,33
annotate_virome_phage_2355,29
annotate_virome_phage_2356,33
annotate_virome_phage_2357,33
annotate_virome_phage_2359,31
annotate_virome_phage_2360,34
annotate_virome_phage_2366,26
annotate_virome_phage_2368,18
annotate_virome_phage_2372,23
annotate_virome_phage_2380,25
annotate_virome_phage_2382,19
annotate_virome_phage_2385,23
annotate_virome_phage_2388,27
annotate_virome_phage_2389,18
annotate_virome_phage_239,13
annotate_virome_phage_2398,25
annotate_virome_phage_24,78
annotate_virome_phage_2400,23
annotate_virome_phage_2401,23
annotate_virome_phage_2402,18
annotate_virome_phage_2403,23
annotate_virome_phage_2407,22
annotate_virome_phage_2409,17
annotate_virome_phage_2411,23
annotate_virome_phage_2424,18
annotate_virome_phage_2465,18
annotate_virome_phage_2496,13
annotate_virome_phage_25,74
annotate_virome_phage_2522,12
annotate_virome_phage_2530,15
annotate_virome_phage_2599,14
annotate_virome_phage_26,102
annotate_virome_phage_2624,8
annotate_virome_phage_27,86
annotate_virome_phage_271,14
annotate_virome_phage_272,14
annotate_virome_phage_275,14
annotate_virome_phage_28,98
annotate_virome_phage_280,13
annotate_virome_phage_2912,53
annotate_virome_phage_2913,48
annotate_virome_phage_2914,36
annotate_virome_phage_3,259
annotate_virome_phage_303,11
annotate_virome_phage_31,76
annotate_virome_phage_318,10
annotate_virome_phage_32,90
annotate_virome_phage_33,82
annotate_virome_phage_331,9
annotate_virome_phage_34,81
annotate_virome_phage_35,69
annotate_virome_phage_36,79
annotate_virome_phage_37,82
annotate_virome_phage_38,65
annotate_virome_phage_39,65
annotate_virome_phage_4,192
annotate_virome_phage_41,72
annotate_virome_phage_42,47
annotate_virome_phage_43,67
annotate_virome_phage_440,9
annotate_virome_phage_45,70
annotate_virome_phage_46,52
annotate_virome_phage_47,66
annotate_virome_phage_48,81
annotate_virome_phage_49,84
annotate_virome_phage_5,270
annotate_virome_phage_50,75
annotate_virome_phage_51,67
annotate_virome_phage_52,71
annotate_virome_phage_54,63
annotate_virome_phage_55,59
annotate_virome_phage_56,78
annotate_virome_phage_57,63
annotate_virome_phage_58,48
annotate_virome_phage_59,64
annotate_virome_phage_60,57
annotate_virome_phage_61,53
annotate_virome_phage_62,69
annotate_virome_phage_63,78
annotate_virome_phage_64,54
annotate_virome_phage_65,48
annotate_virome_phage_66,78
annotate_virome_phage_67,56
annotate_virome_phage_68,55
annotate_virome_phage_69,77
annotate_virome_phage_7,186
annotate_virome_phage_70,61
annotate_virome_phage_71,59
annotate_virome_phage_72,57
annotate_virome_phage_73,60
annotate_virome_phage_734,315
annotate_virome_phage_735,298
annotate_virome_phage_736,221
annotate_virome_phage_738,189
annotate_virome_phage_739,162
annotate_virome_phage_740,141
annotate_virome_phage_741,167
annotate_virome_phage_742,103
annotate_virome_phage_743,89
annotate_virome_phage_744,160
annotate_virome_phage_745,116
annotate_virome_phage_746,78
annotate_virome_phage_747,85
annotate_virome_phage_748,104
annotate_virome_phage_749,88
annotate_virome_phage_75,54
annotate_virome_phage_750,90
annotate_virome_phage_751,108
annotate_virome_phage_752,101
annotate_virome_phage_753,86
annotate_virome_phage_754,107
annotate_virome_phage_755,81
annotate_virome_phage_756,94
annotate_virome_phage_758,69
annotate_virome_phage_759,96
annotate_virome_phage_76,63
annotate_virome_phage_760,85
annotate_virome_phage_761,70
annotate_virome_phage_762,92
annotate_virome_phage_764,58
annotate_virome_phage_765,69
annotate_virome_phage_766,87
annotate_virome_phage_767,79
annotate_virome_phage_768,48
annotate_virome_phage_769,72
annotate_virome_phage_77,53
annotate_virome_phage_770,71
annotate_virome_phage_771,72
annotate_virome_phage_772,77
annotate_virome_phage_773,60
annotate_virome_phage_774,61
annotate_virome_phage_776,70
annotate_virome_phage_778,65
annotate_virome_phage_779,72
annotate_virome_phage_78,55
annotate_virome_phage_780,51
annotate_virome_phage_781,65
annotate_virome_phage_782,63
annotate_virome_phage_783,55
annotate_virome_phage_784,61
annotate_virome_phage_785,60
annotate_virome_phage_786,64
annotate_virome_phage_787,59
annotate_virome_phage_788,76
annotate_virome_phage_789,55
annotate_virome_phage_79,46
annotate_virome_phage_790,45
annotate_virome_phage_791,68
annotate_virome_phage_792,68
annotate_virome_phage_793,65
annotate_virome_phage_794,62
annotate_virome_phage_795,54
annotate_virome_phage_796,71
annotate_virome_phage_797,73
annotate_virome_phage_798,61
annotate_virome_phage_799,51
annotate_virome_phage_8,160
annotate_virome_phage_80,60
annotate_virome_phage_800,60
annotate_virome_phage_802,67
annotate_virome_phage_803,64
annotate_virome_phage_804,63
annotate_virome_phage_806,68
annotate_virome_phage_807,57
annotate_virome_phage_808,57
annotate_virome_phage_809,52
annotate_virome_phage_81,53
annotate_virome_phage_810,64
annotate_virome_phage_811,68
annotate_virome_phage_812,62
annotate_virome_phage_813,54
annotate_virome_phage_814,65
annotate_virome_phage_815,49
annotate_virome_phage_816,63
annotate_virome_phage_817,71
annotate_virome_phage_818,61
annotate_virome_phage_819,54
annotate_virome_phage_82,55
annotate_virome_phage_820,57
annotate_virome_phage_821,55
annotate_virome_phage_822,52
annotate_virome_phage_823,48
annotate_virome_phage_824,68
annotate_virome_phage_825,57
annotate_virome_phage_826,49
annotate_virome_phage_827,65
annotate_virome_phage_828,52
annotate_virome_phage_829,44
annotate_virome_phage_83,56
annotate_virome_phage_831,47
annotate_virome_phage_832,62
annotate_virome_phage_833,57
annotate_virome_phage_834,59
annotate_virome_phage_835,54
annotate_virome_phage_837,37
annotate_virome_phage_838,49
annotate_virome_phage_839,46
annotate_virome_phage_84,57
annotate_virome_phage_840,59
annotate_virome_phage_841,60
annotate_virome_phage_842,47
annotate_virome_phage_843,51
annotate_virome_phage_844,53
annotate_virome_phage_845,46
annotate_virome_phage_846,48
annotate_virome_phage_847,52
annotate_virome_phage_848,48
annotate_virome_phage_849,47
annotate_virome_phage_850,55
annotate_virome_phage_851,47
annotate_virome_phage_852,56
annotate_virome_phage_854,45
annotate_virome_phage_855,47
annotate_virome_phage_856,49
annotate_virome_phage_857,50
annotate_virome_phage_858,55
annotate_virome_phage_859,54
annotate_virome_phage_86,55
annotate_virome_phage_860,42
annotate_virome_phage_861,50
annotate_virome_phage_862,43
annotate_virome_phage_863,57
annotate_virome_phage_864,43
annotate_virome_phage_865,36
annotate_virome_phage_866,33
annotate_virome_phage_867,41
annotate_virome_phage_868,43
annotate_virome_phage_87,58
annotate_virome_phage_870,58
annotate_virome_phage_871,42
annotate_virome_phage_875,27
annotate_virome_phage_876,34
annotate_virome_phage_878,35
annotate_virome_phage_88,51
annotate_virome_phage_881,42
annotate_virome_phage_882,43
annotate_virome_phage_884,30
annotate_virome_phage_885,35
annotate_virome_phage_890,30
annotate_virome_phage_891,29
annotate_virome_phage_893,41
annotate_virome_phage_894,43
annotate_virome_phage_895,35
annotate_virome_phage_898,33
annotate_virome_phage_899,34
annotate_virome_phage_9,204
annotate_virome_phage_900,32
annotate_virome_phage_901,41
annotate_virome_phage_902,30
annotate_virome_phage_903,31
annotate_virome_phage_904,47
annotate_virome_phage_906,33
annotate_virome_phage_908,32
annotate_virome_phage_909,29
annotate_virome_phage_91,44
annotate_virome_phage_911,26
annotate_virome_phage_912,25
annotate_virome_phage_913,28
annotate_virome_phage_914,27
annotate_virome_phage_915,37
annotate_virome_phage_92,41
annotate_virome_phage_925,24
annotate_virome_phage_932,24
annotate_virome_phage_935,27
annotate_virome_phage_936,37
annotate_virome_phage_939,40
annotate_virome_phage_94,45
annotate_virome_phage_949,26
annotate_virome_phage_955,26
annotate_virome_phage_96,42
annotate_virome_phage_960,24
annotate_virome_phage_963,24
annotate_virome_phage_97,42
annotate_virome_phage_974,25
annotate_virome_phage_979,23
annotate_virome_phage_98,41
annotate_virome_phage_993,22
annotate_virome_phage_997,28
